,DateAndHour,K,r1,L1,L2,r2,d1,o1,o2,sigma_ccle,sigma_tcga,sigma_ccle_diff,sigma_tcga_diff,repetition,last_stop_control,last_delta_control,objectiveFunction,WeightedAverage(0.2*rho+0.4AUC+0.2*BioScore),rho_1_drug,rho_2_mirna,rho_0_cnv,rho_3_mrna,AUC_H_0_cnv,AUC_H_1_drug,AUC_H_2_mirna,AUC_H_3_mrna,AUC_H_average,min_var_in_cod_0_cnv,min_var_in_cod_1_drug,min_var_in_cod_2_mirna,min_var_in_cod_3_mrna,max_var_in_cod_0_cnv,max_var_in_cod_1_drug,max_var_in_cod_2_mirna,max_var_in_cod_3_mrna,mean_var_in_cod_0_cnv,mean_var_in_cod_1_drug,mean_var_in_cod_2_mirna,mean_var_in_cod_3_mrna,perc_cod_no_vacios_0_cnv,perc_cod_no_vacios_1_drug,perc_cod_no_vacios_2_mirna,perc_cod_no_vacios_3_mrna,perc_var_incluidas_0_cnv,perc_var_incluidas_1_drug,perc_var_incluidas_2_mirna,perc_var_incluidas_3_mrna,BioRelevanceScore,codEnrich_over_codTotal,densityPenalization,TotalDots/DotsRef,geneRatio_avg,geneRatio_sd
0,2021-08-05 21:28:09.896717,30,0.001,0.001,0.001,0.001,0.001,0.001,0.001,2,2,2,2,3,1.0002e-08,7005.33775,[[7064.33418372]],0.6541165955054575,1.0,1.0,NA,NA,0.5673222999855324,0.7310841191015229,0.7091186644410851,0.6307994898016535,0.6595811433324484,5,1,1,8,67,58,20,62,32.2,10.7,8.433333333333334,35.86666666666667,1.0,0.6666666666666666,1.0,1.0,0.7546875,0.816793893129771,0.7529761904761905,0.5082664147378365,0.47571034543119517,0.8333333333333334,[0],0.479,0.1273339122638391,0.048724781209564555
1,2021-08-05 21:29:49.557990,30,0.001,0.001,0.001,0.001,0.001,0.001,1.0,2,2,2,2,3,4.658e-09,282124.22522,[[296442.76766972]],0.6276007765838688,1.0,1.0,NA,NA,0.5697579559702932,0.69726277138588,0.7419918517818651,0.6225512859016012,0.6578909662599098,1,1,2,3,92,40,25,103,33.37931034482759,8.909090909090908,9.37037037037037,37.0,0.9666666666666667,0.7333333333333333,0.9,0.9666666666666667,0.75625,0.7480916030534351,0.7529761904761905,0.5068493150684932,0.41111097519976214,0.6666666666666666,[0],0.565,0.13815074620530035,0.1397470743184642
2,2021-08-05 21:31:14.954591,30,0.001,0.001,0.001,0.001,0.001,1.0,0.001,2,2,2,2,3,6.032e-09,191857.90581,[[186164.9339071]],0.6585799535566335,1.0,1.0,NA,NA,0.5670423695505401,0.8272949359047682,0.6726759819154,0.62291795918574,0.672482811639112,13,1,2,16,57,57,21,64,32.13333333333333,11.526315789473685,8.433333333333334,36.2,1.0,0.6333333333333333,1.0,1.0,0.753125,0.8358778625954199,0.7529761904761905,0.5129900803023146,0.47396707225247153,0.7666666666666667,[0],0.414,0.13601893614158445,0.0431322460535011
3,2021-08-05 21:32:43.088439,30,0.001,0.001,0.001,0.001,0.001,1.0,1.0,2,2,2,2,3,4.089e-09,219190.42058,[[213875.29451371]],0.6619441413566678,1.0,1.0,NA,NA,0.576828631968557,0.8276840467295569,0.7307917086587722,0.6162150207651391,0.6878798520305063,7,1,1,14,62,66,16,54,32.4,11.1,8.4,35.8,1.0,0.6666666666666666,1.0,1.0,0.759375,0.8473282442748091,0.75,0.507321681624941,0.46698050136116315,0.8,[0],0.504,0.13172790363121206,0.0461767975226657
4,2021-08-05 21:34:11.145271,30,0.001,0.001,0.001,0.001,1.0,0.001,0.001,2,2,2,2,3,1.0003e-08,7005.02279,[[7063.82342255]],0.654665128767481,1.0,1.0,NA,NA,0.5673879677854937,0.7311835837935715,0.7089358500601888,0.6308084238560345,0.6595789563738221,5,1,1,8,67,58,20,62,32.2,10.7,8.433333333333334,35.9,1.0,0.6666666666666666,1.0,1.0,0.7546875,0.816793893129771,0.7529761904761905,0.5087387812942844,0.47708386554488014,0.8333333333333334,[0],0.48,0.12708599439106721,0.04878755289835319
5,2021-08-05 21:35:41.408470,30,0.001,0.001,0.001,0.001,1.0,0.001,1.0,2,2,2,2,3,4.684e-09,279720.8971,[[293587.17556481]],0.6304998573903363,1.0,1.0,NA,NA,0.5697774082513503,0.6971810327896804,0.7419111919459142,0.6225540716094388,0.6578559261490959,1,1,1,3,91,40,25,102,33.41379310344828,8.909090909090908,9.296296296296296,36.96551724137931,0.9666666666666667,0.7333333333333333,0.9,0.9666666666666667,0.75703125,0.7480916030534351,0.7470238095238095,0.5063769485120454,0.41839371732674474,0.6666666666666666,[0],0.521,0.14059302681286623,0.1449058256426927
6,2021-08-05 21:37:05.094319,30,0.001,0.001,0.001,0.001,1.0,1.0,0.001,2,2,2,2,3,6.034e-09,191713.52124,[[186011.04496366]],0.6534938887475685,1.0,1.0,NA,NA,0.5670544065875772,0.8274079685419351,0.6725666449707456,0.6229235674033456,0.6724881468759009,13,1,2,16,57,57,21,64,32.13333333333333,11.526315789473685,8.433333333333334,36.1,1.0,0.6333333333333333,1.0,1.0,0.753125,0.8358778625954199,0.7529761904761905,0.5115729806329712,0.46124657499302046,0.7333333333333333,[0],0.415,0.13595175046711006,0.04250495382473628
7,2021-08-05 21:38:34.459755,30,0.001,0.001,0.001,0.001,1.0,1.0,1.0,2,2,2,2,3,4.091e-09,218889.04492,[[213521.58716703]],0.6619757304416671,1.0,1.0,NA,NA,0.5768581108940972,0.8277790079573193,0.7309151829456063,0.616265403930801,0.6879544264319559,8,1,1,15,62,66,16,54,32.4,11.05,8.4,35.86666666666667,1.0,0.6666666666666666,1.0,1.0,0.759375,0.8435114503816794,0.75,0.5082664147378365,0.4669848996722117,0.8,[0],0.504,0.13174989518645483,0.046190204006243046
8,2021-08-05 21:40:03.307201,30,0.001,0.001,10.0,0.001,0.001,0.001,0.001,2,2,2,2,3,1.0002e-08,7005.33746,[[7064.33426981]],0.6541081877874386,1.0,1.0,NA,NA,0.5673222999855323,0.7310117471355162,0.7091080789311609,0.6307983700973957,0.6595601240374013,5,1,1,8,67,58,20,62,32.2,10.7,8.433333333333334,35.86666666666667,1.0,0.6666666666666666,1.0,1.0,0.7546875,0.816793893129771,0.7529761904761905,0.5082664147378365,0.47571034543119517,0.8333333333333334,[0],0.479,0.1273339122638391,0.048724781209564555
9,2021-08-05 21:41:36.754654,30,0.001,0.001,10.0,0.001,0.001,0.001,1.0,2,2,2,2,3,4.657e-09,282136.96181,[[296456.57108883]],0.627579780701867,1.0,1.0,NA,NA,0.5697579559702932,0.6970673958537913,0.7419772682735646,0.6225512861219722,0.6578384765549052,1,1,2,3,92,40,25,103,33.37931034482759,8.909090909090908,9.37037037037037,37.0,0.9666666666666667,0.7333333333333333,0.9,0.9666666666666667,0.75625,0.7480916030534351,0.7529761904761905,0.5068493150684932,0.41111097519976214,0.6666666666666666,[0],0.565,0.13815074620530035,0.1397470743184642
10,2021-08-05 21:43:00.035269,30,0.001,0.001,10.0,0.001,0.001,1.0,0.001,2,2,2,2,3,6.032e-09,191859.71845,[[186167.02896545]],0.6585710465066754,1.0,1.0,NA,NA,0.5670423695505401,0.8272134850698648,0.6726689219926655,0.6229173994437966,0.6724605440142168,13,1,2,16,57,57,21,64,32.13333333333333,11.526315789473685,8.433333333333334,36.2,1.0,0.6333333333333333,1.0,1.0,0.753125,0.8358778625954199,0.7529761904761905,0.5129900803023146,0.47396707225247153,0.7666666666666667,[0],0.414,0.13601893614158445,0.0431322460535011
11,2021-08-05 21:44:30.893084,30,0.001,0.001,10.0,0.001,0.001,1.0,1.0,2,2,2,2,3,4.089e-09,219196.94742,[[213882.81528524]],0.6619362730044582,1.0,1.0,NA,NA,0.5768258541907793,0.8276251707683443,0.7307987510847962,0.6161909485560096,0.6878601811499824,7,1,1,14,62,66,16,54,32.43333333333333,11.1,8.4,35.8,1.0,0.6666666666666666,1.0,1.0,0.76015625,0.8473282442748091,0.75,0.507321681624941,0.46698050136116315,0.8,[0],0.504,0.13172790363121206,0.0461767975226657
12,2021-08-05 21:45:58.979883,30,0.001,0.001,10.0,0.001,1.0,0.001,0.001,2,2,2,2,3,1.0003e-08,7005.02249,[[7063.8234945]],0.6546587817868679,1.0,1.0,NA,NA,0.5673879677854939,0.7311383189416715,0.7089182046275301,0.630807864334462,0.6595630889222894,5,1,1,8,67,58,20,62,32.2,10.7,8.433333333333334,35.9,1.0,0.6666666666666666,1.0,1.0,0.7546875,0.816793893129771,0.7529761904761905,0.5087387812942844,0.47708386554488014,0.8333333333333334,[0],0.48,0.12708599439106721,0.04878755289835319
13,2021-08-05 21:47:29.896714,30,0.001,0.001,10.0,0.001,1.0,0.001,1.0,2,2,2,2,3,4.684e-09,279733.38954,[[293600.70109055]],0.6305011921307674,1.0,1.0,NA,NA,0.5697755563994985,0.6971806874761248,0.7419188992469415,0.6225619088781299,0.6578592630001736,1,1,1,3,91,40,25,102,33.41379310344828,8.909090909090908,9.296296296296296,36.96551724137931,0.9666666666666667,0.7333333333333333,0.9,0.9666666666666667,0.75703125,0.7480916030534351,0.7470238095238095,0.5063769485120454,0.41839371732674474,0.6666666666666666,[0],0.521,0.14059302681286623,0.1449058256426927
14,2021-08-05 21:48:54.312130,30,0.001,0.001,10.0,0.001,1.0,1.0,0.001,2,2,2,2,3,6.034e-09,191715.32842,[[186013.13258149]],0.6585777369220789,1.0,1.0,NA,NA,0.5670562584394291,0.8273310499474475,0.6725666362223902,0.6229202085109433,0.6724685382800525,13,1,2,16,57,57,21,64,32.13333333333333,11.526315789473685,8.433333333333334,36.2,1.0,0.6333333333333333,1.0,1.0,0.753125,0.8358778625954199,0.7529761904761905,0.5129900803023146,0.47397580402514466,0.7666666666666667,[0],0.414,0.1360625950049503,0.04290168430178733
15,2021-08-05 21:50:24.456361,30,0.001,0.001,10.0,0.001,1.0,1.0,1.0,2,2,2,2,3,4.091e-09,218895.51967,[[213529.03649071]],0.6619704942603601,1.0,1.0,NA,NA,0.5768618875385801,0.827724707400717,0.7309122260015117,0.616266522973946,0.6879413359786887,8,1,1,15,62,66,16,54,32.4,11.05,8.4,35.86666666666667,1.0,0.6666666666666666,1.0,1.0,0.759375,0.8435114503816794,0.75,0.5082664147378365,0.4669848996722117,0.8,[0],0.504,0.13174989518645483,0.046190204006243046
16,2021-08-05 21:51:56.450197,30,0.001,10.0,0.001,0.001,0.001,0.001,0.001,2,2,2,2,3,9.991e-09,7004.66154,[[7063.87315463]],0.6518079138510973,1.0,1.0,NA,NA,0.5673732331452546,0.732790831349579,0.7070397052854064,0.6299909399199407,0.6592986774250452,5,1,1,8,67,58,20,61,32.2,10.65,8.433333333333334,35.8,1.0,0.6666666666666666,1.0,1.0,0.7546875,0.8129770992366412,0.7529761904761905,0.507321681624941,0.470221107202698,0.8333333333333334,[0],0.562,0.1292787269980687,0.04921423722051987
17,2021-08-05 21:53:29.955240,30,0.001,10.0,0.001,0.001,0.001,0.001,1.0,2,2,2,2,3,4.654e-09,282482.77759,[[296736.06466228]],0.6283261990163045,1.0,1.0,NA,NA,0.5697955765335648,0.703563189862745,0.7399737374373618,0.622180585560662,0.6588782723485834,1,1,2,3,92,41,25,102,33.41379310344828,8.909090909090908,9.37037037037037,37.0,0.9666666666666667,0.7333333333333333,0.9,0.9666666666666667,0.75703125,0.7480916030534351,0.7529761904761905,0.5068493150684932,0.41193722519217757,0.6666666666666666,[0],0.561,0.1381174985099072,0.14023595438579986
18,2021-08-05 21:54:58.041254,30,0.001,10.0,0.001,0.001,0.001,1.0,0.001,2,2,2,2,3,6.013e-09,193165.86979,[[187426.73120757]],0.6581989917542979,1.0,1.0,NA,NA,0.5669924485194829,0.8285635315792844,0.6704081895103721,0.6231799594042351,0.6722860322533436,13,1,2,16,57,57,21,64,32.13333333333333,11.578947368421053,8.433333333333334,36.1,1.0,0.6333333333333333,1.0,1.0,0.753125,0.8396946564885496,0.7529761904761905,0.5115729806329712,0.4732114471324011,0.8,[0],0.469,0.13492717169612045,0.042813608868780016
19,2021-08-05 21:56:29.749893,30,0.001,10.0,0.001,0.001,0.001,1.0,1.0,2,2,2,2,3,4.082e-09,220282.34096,[[214899.90576961]],0.6608460594157668,1.0,1.0,NA,NA,0.5768506269290122,0.8344268981994057,0.7285634588197419,0.6171006336698386,0.6892354044044996,8,1,1,15,62,66,16,54,32.333333333333336,11.1,8.4,35.9,1.0,0.6666666666666666,1.0,1.0,0.7578125,0.8473282442748091,0.75,0.5087387812942844,0.4628797441349175,0.8,[0],0.511,0.13122846627145598,0.044722794828895414
20,2021-08-05 21:58:04.175333,30,0.001,10.0,0.001,0.001,1.0,0.001,0.001,2,2,2,2,3,9.993e-09,7004.3399,[[7063.35379104]],0.6514135164666066,1.0,1.0,NA,NA,0.5673093442563658,0.7326868056409848,0.7071772206825117,0.6300054883623109,0.6592947147355432,5,1,1,8,67,58,20,61,32.2,10.65,8.433333333333334,35.86666666666667,1.0,0.6666666666666666,1.0,1.0,0.7546875,0.8129770992366412,0.7529761904761905,0.5082664147378365,0.46923907643097307,0.8333333333333334,[0],0.563,0.12890704586120008,0.04868854447334014
21,2021-08-05 21:59:34.082171,30,0.001,10.0,0.001,0.001,1.0,0.001,1.0,2,2,2,2,3,4.68e-09,280094.01639,[[293897.69310544]],0.6303921796711638,1.0,1.0,NA,NA,0.569848365162037,0.7035767865839929,0.740111305324599,0.6222959073862228,0.658958091114213,1,1,1,3,91,41,25,101,33.3448275862069,8.909090909090908,9.333333333333334,37.03448275862069,0.9666666666666667,0.7333333333333333,0.9,0.9666666666666667,0.75546875,0.7480916030534351,0.75,0.507321681624941,0.41702235806369625,0.6666666666666666,[0],0.512,0.1384972069851479,0.14629298667782603
22,2021-08-05 22:01:02.471586,30,0.001,10.0,0.001,0.001,1.0,1.0,0.001,2,2,2,2,3,6.015e-09,193020.70157,[[187272.14967801]],0.6581987471189165,1.0,1.0,NA,NA,0.5669905966676311,0.8285770995244026,0.6704046639231825,0.6231693225443435,0.6722854206648899,13,1,2,16,57,57,21,64,32.13333333333333,11.578947368421053,8.433333333333334,36.1,1.0,0.6333333333333333,1.0,1.0,0.753125,0.8396946564885496,0.7529761904761905,0.5115729806329712,0.4732114471324011,0.8,[0],0.469,0.13492717169612045,0.042813608868780016
23,2021-08-05 22:02:32.557218,30,0.001,10.0,0.001,0.001,1.0,1.0,1.0,2,2,2,2,3,4.084e-09,219983.00879,[[214549.5465516]],0.6554274261621429,1.0,1.0,NA,NA,0.5768978491512347,0.8343906978283373,0.7286198857114862,0.6170575416939168,0.6892414935962438,8,1,1,15,62,66,16,54,32.3,11.1,8.4,35.93333333333333,1.0,0.6666666666666666,1.0,1.0,0.75703125,0.8473282442748091,0.75,0.5092111478507322,0.44932707180911347,0.7666666666666667,[0],0.512,0.13127077571223386,0.044509851469396254
24,2021-08-05 22:04:05.152856,30,0.001,10.0,10.0,0.001,0.001,0.001,0.001,2,2,2,2,3,9.991e-09,7004.66135,[[7063.87335724]],0.6518095736617842,1.0,1.0,NA,NA,0.5673704553674769,0.7328044424588915,0.7070432308725959,0.6299931791080852,0.6593028269517623,5,1,1,8,67,58,20,61,32.2,10.65,8.433333333333334,35.8,1.0,0.6666666666666666,1.0,1.0,0.7546875,0.8129770992366412,0.7529761904761905,0.507321681624941,0.470221107202698,0.8333333333333334,[0],0.562,0.1292787269980687,0.04921423722051987
25,2021-08-05 22:05:39.805314,30,0.001,10.0,10.0,0.001,0.001,0.001,1.0,2,2,2,2,3,4.653e-09,282495.52233,[[296749.87499836]],0.6283148791702432,1.0,1.0,NA,NA,0.5697956651475695,0.7034591929302806,0.7399666862629825,0.6221783465928883,0.6588499727334303,1,1,2,3,92,41,25,102,33.41379310344828,8.909090909090908,9.37037037037037,37.0,0.9666666666666667,0.7333333333333333,0.9,0.9666666666666667,0.75703125,0.7480916030534351,0.7529761904761905,0.5068493150684932,0.41193722519217757,0.6666666666666666,[0],0.561,0.1381174985099072,0.14023595438579986
26,2021-08-05 22:07:11.445539,30,0.001,10.0,10.0,0.001,0.001,1.0,0.001,2,2,2,2,3,6.013e-09,193167.68881,[[187428.83360071]],0.6581952274668237,1.0,1.0,NA,NA,0.566991522593557,0.8285273743724106,0.6704081895103721,0.6231793996622917,0.6722766215346578,13,1,2,16,57,57,21,64,32.13333333333333,11.578947368421053,8.433333333333334,36.1,1.0,0.6333333333333333,1.0,1.0,0.753125,0.8396946564885496,0.7529761904761905,0.5115729806329712,0.4732114471324011,0.8,[0],0.469,0.13492717169612045,0.042813608868780016
27,2021-08-05 22:08:41.219430,30,0.001,10.0,10.0,0.001,0.001,1.0,1.0,2,2,2,2,3,4.082e-09,220288.88421,[[214907.44400957]],0.6608629784866711,1.0,1.0,NA,NA,0.5768478491512345,0.8345812389706491,0.7285810867556899,0.6171006334494678,0.6892777020817603,8,1,1,15,62,66,16,54,32.333333333333336,11.1,8.4,35.9,1.0,0.6666666666666666,1.0,1.0,0.7578125,0.8473282442748091,0.75,0.5087387812942844,0.4628797441349175,0.8,[0],0.511,0.13122846627145598,0.044722794828895414
28,2021-08-05 22:10:17.691896,30,0.001,10.0,10.0,0.001,1.0,0.001,0.001,2,2,2,2,3,9.993e-09,7004.3397,[[7063.35397889]],0.6514147369820048,1.0,1.0,NA,NA,0.5673111961082177,0.7327094236788699,0.7071666351725877,0.6300038091364806,0.6592977660240389,5,1,1,8,67,58,20,61,32.2,10.65,8.433333333333334,35.86666666666667,1.0,0.6666666666666666,1.0,1.0,0.7546875,0.8129770992366412,0.7529761904761905,0.5082664147378365,0.46923907643097307,0.8333333333333334,[0],0.563,0.12890704586120008,0.04868854447334014
29,2021-08-05 22:11:46.593327,30,0.001,10.0,10.0,0.001,1.0,0.001,1.0,2,2,2,2,3,4.68e-09,280106.51723,[[293911.22587898]],0.6303722142345638,1.0,1.0,NA,NA,0.5698492133246528,0.7033823031119226,0.7401013671929677,0.6222998264613101,0.6589081775227132,1,1,1,3,91,41,25,101,33.3448275862069,8.909090909090908,9.333333333333334,37.03448275862069,0.9666666666666667,0.7333333333333333,0.9,0.9666666666666667,0.75546875,0.7480916030534351,0.75,0.507321681624941,0.41702235806369625,0.6666666666666666,[0],0.512,0.1384972069851479,0.14629298667782603
30,2021-08-05 22:13:12.922539,30,0.001,10.0,10.0,0.001,1.0,1.0,0.001,2,2,2,2,3,6.015e-09,193022.51512,[[187274.24460758]],0.658195123303462,1.0,1.0,NA,NA,0.566991522593557,0.8285364100771129,0.6704081895103721,0.6231693223239726,0.6722763611262537,13,1,2,16,57,57,21,64,32.13333333333333,11.578947368421053,8.433333333333334,36.1,1.0,0.6333333333333333,1.0,1.0,0.753125,0.8396946564885496,0.7529761904761905,0.5115729806329712,0.4732114471324011,0.8,[0],0.469,0.13492717169612045,0.042813608868780016
31,2021-08-05 22:14:42.258365,30,0.001,10.0,10.0,0.001,1.0,1.0,1.0,2,2,2,2,3,4.084e-09,219989.49987,[[214557.01329799]],0.6554434716469706,1.0,1.0,NA,NA,0.5768932195216049,0.8345541030804128,0.7286198857114862,0.6170592209197471,0.6892816073083128,8,1,1,15,62,66,16,54,32.3,11.1,8.4,35.93333333333333,1.0,0.6666666666666666,1.0,1.0,0.75703125,0.8473282442748091,0.75,0.5092111478507322,0.44932707180911347,0.7666666666666667,[0],0.512,0.13127077571223386,0.044509851469396254
32,2021-08-05 22:16:42.690448,60,0.001,0.001,0.001,0.001,0.001,0.001,0.001,2,2,2,2,3,3.073e-09,6840.63947,[[6859.14204006]],0.6339605534305611,1.0,1.0,NA,NA,0.5704421606746721,0.7205403941322593,0.7101848352509728,0.6373842842081728,0.6596379185665193,1,1,1,2,43,55,11,43,16.406779661016948,7.571428571428571,4.431034482758621,18.216666666666665,0.9833333333333333,0.4666666666666667,0.9666666666666667,1.0,0.75625,0.8091603053435115,0.7648809523809523,0.5162966461974492,0.42526346500988343,0.6666666666666666,[0],0.642,0.24781265215222098,0.17341626662075024
33,2021-08-05 22:18:44.874760,60,0.001,0.001,0.001,0.001,0.001,0.001,1.0,2,2,2,2,3,1.112e-09,148801.87435,[[151460.59241587]],0.6061233310162747,1.0,1.0,NA,NA,0.5758839825665509,0.7063845922530342,0.7506569533677668,0.6293136286700156,0.6655597892143419,1,1,1,1,64,30,20,70,20.5531914893617,4.9523809523809526,5.5,21.82,0.7833333333333333,0.7,0.7666666666666667,0.8333333333333334,0.7546875,0.7938931297709924,0.7529761904761905,0.5153519130845536,0.3497485383263448,0.55,[0],0.701,0.16942742772302216,0.16401452323986984
34,2021-08-05 22:20:44.132703,60,0.001,0.001,0.001,0.001,0.001,1.0,0.001,2,2,2,2,3,1.491e-09,130803.19142,[[125431.90932629]],0.6140410056769751,1.0,1.0,NA,NA,0.5701533768265336,0.8323987098222282,0.6613000712116122,0.6258315923326846,0.6724209375482646,3,1,1,5,34,57,11,39,16.133333333333333,8.407407407407407,4.389830508474576,18.25,1.0,0.45,0.9833333333333333,1.0,0.75625,0.8664122137404581,0.7708333333333334,0.5172413793103449,0.36268157664417283,0.55,[0],0.685,0.231656058403346,0.11138328740062704
35,2021-08-05 22:22:35.680399,60,0.001,0.001,0.001,0.001,0.001,1.0,1.0,2,2,2,2,3,1.038e-09,108602.76208,[[109838.47469785]],0.6441150390645372,1.0,1.0,NA,NA,0.5820713377399209,0.8321431598060777,0.7432509369488537,0.6185965069733176,0.6940154853670425,1,1,1,3,39,56,10,41,16.338983050847457,8.142857142857142,4.3559322033898304,18.283333333333335,0.9833333333333333,0.4666666666666667,0.9833333333333333,1.0,0.753125,0.8702290076335878,0.7648809523809523,0.5181861124232404,0.4162721122943004,0.6166666666666667,[0],0.531,0.21149238821349775,0.09949960884972502
36,2021-08-05 22:24:32.996515,60,0.001,0.001,0.001,0.001,1.0,0.001,0.001,2,2,2,2,3,3.075e-09,6840.60448,[[6858.74838129]],0.6353487546945509,1.0,1.0,NA,NA,0.5704606247890144,0.7204295952421546,0.7101883105351194,0.6373702549404539,0.6596121963766856,1,1,1,2,42,54,11,44,16.066666666666666,7.535714285714286,4.431034482758621,18.233333333333334,1.0,0.4666666666666667,0.9666666666666667,1.0,0.753125,0.8053435114503816,0.7648809523809523,0.516769012753897,0.4287596903596914,0.6666666666666666,[0],0.617,0.24320417843270875,0.17547198974167874
37,2021-08-05 22:26:30.589786,60,0.001,0.001,0.001,0.001,1.0,0.001,1.0,2,2,2,2,3,1.136e-09,144872.88271,[[147691.65518614]],0.6026343273043043,1.0,1.0,NA,NA,0.575912328046634,0.7060081788954427,0.7504202600536098,0.6292709025493087,0.6654029173862488,1,1,1,1,64,31,20,70,20.5531914893617,4.8604651162790695,5.5,22.163265306122447,0.7833333333333333,0.7166666666666667,0.7666666666666667,0.8166666666666667,0.7546875,0.7977099236641222,0.7529761904761905,0.5129900803023146,0.3411829008745119,0.5333333333333333,[0],0.686,0.15528282312863328,0.12236998989446934
38,2021-08-05 22:28:31.635696,60,0.001,0.001,0.001,0.001,1.0,1.0,0.001,2,2,2,2,3,1.494e-09,130376.46102,[[124993.53812122]],0.6132222239737064,1.0,1.0,NA,NA,0.5701450433424963,0.8324032240775631,0.6612891926317851,0.6258377530391437,0.6724188032727471,3,1,1,5,34,57,11,39,16.133333333333333,8.407407407407407,4.372881355932203,18.216666666666665,1.0,0.45,0.9833333333333333,1.0,0.75625,0.8664122137404581,0.7678571428571429,0.5162966461974492,0.36063675666151884,0.55,[0],0.698,0.23040441368008685,0.11029786737470026
39,2021-08-05 22:30:22.123402,60,0.001,0.001,0.001,0.001,1.0,1.0,1.0,2,2,2,2,3,1.039e-09,108094.3316,[[109174.39125349]],0.64198339079915,1.0,1.0,NA,NA,0.5820398380232447,0.8324824087922585,0.7431278322800313,0.6186839079950152,0.6940834967726374,1,1,1,3,38,57,10,41,16.322033898305083,7.7,4.322033898305085,18.233333333333334,0.9833333333333333,0.5,0.9833333333333333,1.0,0.75234375,0.8816793893129771,0.7589285714285714,0.516769012753897,0.4108749802252376,0.6,[0],0.523,0.21192748238813802,0.09949712509088793
40,2021-08-05 22:32:22.586300,60,0.001,0.001,10.0,0.001,0.001,0.001,0.001,2,2,2,2,3,3.073e-09,6840.63468,[[6859.13604715]],0.6339544417481282,1.0,1.0,NA,NA,0.5704389199339314,0.7204816009024193,0.7101866067929229,0.6373834298124746,0.6596226393604371,1,1,1,2,43,55,11,43,16.406779661016948,7.571428571428571,4.431034482758621,18.216666666666665,0.9833333333333333,0.4666666666666667,0.9666666666666667,1.0,0.75625,0.8091603053435115,0.7648809523809523,0.5162966461974492,0.42526346500988343,0.6666666666666666,[0],0.642,0.24781265215222098,0.17341626662075024
41,2021-08-05 22:34:19.942802,60,0.001,0.001,10.0,0.001,0.001,0.001,1.0,2,2,2,2,3,1.112e-09,148811.78654,[[151470.31544759]],0.6061097350181202,1.0,1.0,NA,NA,0.5758899822470583,0.7063848260590874,0.7505172683785447,0.6293111201911313,0.6655257992189554,1,1,1,1,64,30,20,70,20.5531914893617,4.9523809523809526,5.5,21.82,0.7833333333333333,0.7,0.7666666666666667,0.8333333333333334,0.7546875,0.7938931297709924,0.7529761904761905,0.5153519130845536,0.3497485383263448,0.55,[0],0.701,0.16942742772302216,0.16401452323986984
42,2021-08-05 22:36:23.475894,60,0.001,0.001,10.0,0.001,0.001,1.0,0.001,2,2,2,2,3,1.491e-09,130805.57474,[[125434.70607846]],0.6140316752477705,1.0,1.0,NA,NA,0.5701330064561634,0.8323376432781479,0.661285964488676,0.6258338316780256,0.6723976114752532,3,1,1,5,34,57,11,39,16.133333333333333,8.407407407407407,4.389830508474576,18.266666666666666,1.0,0.45,0.9833333333333333,1.0,0.75625,0.8664122137404581,0.7708333333333334,0.5177137458667926,0.36268157664417283,0.55,[0],0.685,0.231656058403346,0.11138328740062704
43,2021-08-05 22:38:14.109582,60,0.001,0.001,10.0,0.001,0.001,1.0,1.0,2,2,2,2,3,1.038e-09,108608.84665,[[109845.98798983]],0.6441102627495441,1.0,1.0,NA,NA,0.5820546710732543,0.8321057364495004,0.743254464723132,0.6185993060723532,0.6940035445795599,1,1,1,3,39,56,10,41,16.338983050847457,8.142857142857142,4.3559322033898304,18.283333333333335,0.9833333333333333,0.4666666666666667,0.9833333333333333,1.0,0.753125,0.8702290076335878,0.7648809523809523,0.5181861124232404,0.4162721122943004,0.6166666666666667,[0],0.531,0.21149238821349775,0.09949960884972502
44,2021-08-05 22:40:12.765718,60,0.001,0.001,10.0,0.001,1.0,0.001,0.001,2,2,2,2,3,3.075e-09,6840.59973,[[6858.74244416]],0.635346824818134,1.0,1.0,NA,NA,0.5704624766408661,0.720400186037678,0.710197128877271,0.6373696951867592,0.6596073716856437,1,1,1,2,42,54,11,44,16.066666666666666,7.535714285714286,4.431034482758621,18.233333333333334,1.0,0.4666666666666667,0.9666666666666667,1.0,0.753125,0.8053435114503816,0.7648809523809523,0.516769012753897,0.4287596903596914,0.6666666666666666,[0],0.617,0.24320417843270875,0.17547198974167874
45,2021-08-05 22:42:14.686843,60,0.001,0.001,10.0,0.001,1.0,0.001,1.0,2,2,2,2,3,1.136e-09,144882.24038,[[147700.87864442]],0.6026318056456725,1.0,1.0,NA,NA,0.5759123278959298,0.7059790862283918,0.7504255462473055,0.6292694925870498,0.6653966132396693,1,1,1,1,64,31,20,70,20.5531914893617,4.8604651162790695,5.5,22.163265306122447,0.7833333333333333,0.7166666666666667,0.7666666666666667,0.8166666666666667,0.7546875,0.7977099236641222,0.7529761904761905,0.5129900803023146,0.3411829008745119,0.5333333333333333,[0],0.686,0.15528282312863328,0.12236998989446934
46,2021-08-05 22:44:16.138345,60,0.001,0.001,10.0,0.001,1.0,1.0,0.001,2,2,2,2,3,1.494e-09,130378.81866,[[124996.29978945]],0.6132126503351439,1.0,1.0,NA,NA,0.5701445803795333,0.8323082304766549,0.6612891926317852,0.6258374732173902,0.672394869176341,3,1,1,5,34,57,11,39,16.133333333333333,8.407407407407407,4.372881355932203,18.216666666666665,1.0,0.45,0.9833333333333333,1.0,0.75625,0.8664122137404581,0.7678571428571429,0.5162966461974492,0.36063675666151884,0.55,[0],0.698,0.23040441368008685,0.11029786737470026
47,2021-08-05 22:46:06.158201,60,0.001,0.001,10.0,0.001,1.0,1.0,1.0,2,2,2,2,3,1.039e-09,108100.23694,[[109181.63796374]],0.6445672086015366,1.0,1.0,NA,NA,0.5820611540617767,0.8323354023370534,0.7431190161249684,0.618683628063074,0.6940498001467181,1,1,1,3,38,57,10,41,16.322033898305083,7.7,4.322033898305085,18.25,0.9833333333333333,0.5,0.9833333333333333,1.0,0.75234375,0.8816793893129771,0.7589285714285714,0.5172413793103449,0.41736822135712326,0.6166666666666667,[0],0.524,0.21228639940648128,0.09974045815064408
48,2021-08-05 22:48:11.866136,60,0.001,10.0,0.001,0.001,0.001,0.001,0.001,2,2,2,2,3,3.068e-09,6837.00069,[[6855.83383686]],0.6379890886977373,1.0,1.0,NA,NA,0.5705221568166474,0.7216707672651381,0.7079653971928277,0.6364794910640074,0.6591594530846551,1,1,1,2,42,56,11,42,16.066666666666666,7.678571428571429,4.482758620689655,18.25,1.0,0.4666666666666667,0.9666666666666667,1.0,0.753125,0.8206106870229007,0.7738095238095238,0.5172413793103449,0.4358132686596883,0.7333333333333333,[0],0.743,0.24402820960620272,0.16345143056672984
49,2021-08-05 22:50:11.003654,60,0.001,10.0,0.001,0.001,0.001,0.001,1.0,2,2,2,2,3,1.109e-09,149432.00894,[[151980.345796]],0.6035132644431682,1.0,1.0,NA,NA,0.575904958465953,0.7094846986527735,0.747465780808208,0.6283123851711229,0.6652919557745143,1,1,1,1,64,30,19,70,20.659574468085108,4.813953488372093,5.434782608695652,21.78,0.7833333333333333,0.7166666666666667,0.7666666666666667,0.8333333333333334,0.75859375,0.7900763358778626,0.7440476190476191,0.514407179971658,0.3434912053334061,0.55,[0],0.732,0.15843963322440738,0.12687925319164559
50,2021-08-05 22:52:17.574185,60,0.001,10.0,0.001,0.001,0.001,1.0,0.001,2,2,2,2,3,1.478e-09,132592.33829,[[127117.49779759]],0.6148674476825255,1.0,1.0,NA,NA,0.5701222919982157,0.8344749399478145,0.6581018059229864,0.6251908712579751,0.6719724772817479,3,1,1,6,34,56,11,40,16.116666666666667,8.653846153846153,4.389830508474576,18.383333333333333,1.0,0.43333333333333335,0.9833333333333333,1.0,0.75546875,0.8587786259541985,0.7708333333333334,0.5210203117619272,0.36519614192456584,0.5666666666666667,[0],0.731,0.23573903155625373,0.12257470485189115
51,2021-08-05 22:54:16.986296,60,0.001,10.0,0.001,0.001,0.001,1.0,1.0,2,2,2,2,3,1.034e-09,109764.91546,[[110841.35564795]],0.6387823094449739,1.0,1.0,NA,NA,0.5820361142758971,0.8405429983719904,0.7382676047528065,0.6180433822280665,0.6947225249071901,1,1,1,3,38,53,10,41,16.28813559322034,7.862068965517241,4.338983050847458,18.266666666666666,0.9833333333333333,0.48333333333333334,0.9833333333333333,1.0,0.75078125,0.8702290076335878,0.7619047619047619,0.5177137458667926,0.4022332487052447,0.6333333333333333,[0],0.679,0.22314464313348917,0.10009662273331209
52,2021-08-05 22:56:23.348989,60,0.001,10.0,0.001,0.001,1.0,0.001,0.001,2,2,2,2,3,3.069e-09,6836.91712,[[6855.37847715]],0.635590477131434,1.0,1.0,NA,NA,0.5704868896484374,0.7217092229653658,0.7081064819188992,0.636470286421365,0.6591932202385169,1,1,1,2,42,55,11,42,16.116666666666667,7.571428571428571,4.482758620689655,18.25,1.0,0.4666666666666667,0.9666666666666667,1.0,0.75546875,0.8091603053435115,0.7738095238095238,0.5172413793103449,0.42978297259006815,0.7,[0],0.682,0.23865093333157247,0.16601331960910126
53,2021-08-05 22:58:25.826710,60,0.001,10.0,0.001,0.001,1.0,0.001,1.0,2,2,2,2,3,1.132e-09,145529.87357,[[148241.9429112]],0.6006617897991786,1.0,1.0,NA,NA,0.5759011863425926,0.709941048501447,0.747686617728367,0.6284319280102536,0.665490195145665,1,1,1,1,64,31,19,70,21.0,4.704545454545454,5.340425531914893,22.142857142857142,0.7666666666666667,0.7333333333333333,0.7833333333333333,0.8166666666666667,0.7546875,0.7900763358778626,0.7470238095238095,0.5125177137458667,0.33616427935228155,0.5333333333333333,[0],0.748,0.1569354787578427,0.11798566066173807
54,2021-08-05 23:00:31.868836,60,0.001,10.0,0.001,0.001,1.0,1.0,0.001,2,2,2,2,3,1.481e-09,132159.78325,[[126673.79251426]],0.6178143855220699,1.0,1.0,NA,NA,0.5701167673369986,0.8345179170974094,0.6580436053022032,0.6251928329853177,0.6719677806804822,3,1,1,6,34,56,11,40,16.116666666666667,8.76923076923077,4.372881355932203,18.383333333333333,1.0,0.43333333333333335,0.9833333333333333,1.0,0.75546875,0.8702290076335878,0.7678571428571429,0.5210203117619272,0.37256818312469253,0.5833333333333334,[0],0.734,0.23568378574153692,0.12181028586270869
55,2021-08-05 23:02:27.975948,60,0.001,10.0,0.001,0.001,1.0,1.0,1.0,2,2,2,2,3,1.036e-09,109262.17122,[[110189.66760252]],0.6390822232908256,1.0,1.0,NA,NA,0.5820416511441454,0.8410292322312795,0.7381798653103216,0.6180388840892488,0.6948224081937489,1,1,1,4,39,54,10,40,16.25423728813559,7.666666666666667,4.338983050847458,18.266666666666666,0.9833333333333333,0.5,0.9833333333333333,1.0,0.74921875,0.8778625954198473,0.7619047619047619,0.5177137458667926,0.4028831500333152,0.6166666666666667,[0],0.624,0.21697985273067835,0.09333373525266409
56,2021-08-05 23:04:31.986273,60,0.001,10.0,10.0,0.001,0.001,0.001,0.001,2,2,2,2,3,3.068e-09,6836.99617,[[6855.82817552]],0.6379884704645722,1.0,1.0,NA,NA,0.5705235457055363,0.7216684975479138,0.7079600956895105,0.6364794910640074,0.659157907501742,1,1,1,2,42,56,11,42,16.066666666666666,7.642857142857143,4.482758620689655,18.25,1.0,0.4666666666666667,0.9666666666666667,1.0,0.753125,0.816793893129771,0.7738095238095238,0.5172413793103449,0.4358132686596883,0.7333333333333333,[0],0.743,0.24402820960620272,0.16345143056672984
57,2021-08-05 23:06:33.676200,60,0.001,10.0,10.0,0.001,0.001,0.001,1.0,2,2,2,2,3,1.109e-09,149441.9438,[[151990.086376]],0.6035054253285737,1.0,1.0,NA,NA,0.5758961621696567,0.7094298513497085,0.747449913478766,0.6283135049539813,0.6652723579880281,1,1,1,1,64,30,19,70,20.659574468085108,4.813953488372093,5.434782608695652,21.78,0.7833333333333333,0.7166666666666667,0.7666666666666667,0.8333333333333334,0.75859375,0.7900763358778626,0.7440476190476191,0.514407179971658,0.3434912053334061,0.55,[0],0.732,0.15843963322440738,0.12687925319164559
58,2021-08-05 23:08:36.461537,60,0.001,10.0,10.0,0.001,0.001,1.0,0.001,2,2,2,2,3,1.478e-09,132594.73886,[[127120.31439447]],0.6148481512504269,1.0,1.0,NA,NA,0.5701324771834009,0.8343244228047949,0.6580488936829876,0.6251911511348225,0.6719242362015014,3,1,1,6,34,56,11,40,16.116666666666667,8.653846153846153,4.389830508474576,18.383333333333333,1.0,0.43333333333333335,0.9833333333333333,1.0,0.75546875,0.8587786259541985,0.7708333333333334,0.5210203117619272,0.36519614192456584,0.5666666666666667,[0],0.731,0.23573903155625373,0.12257470485189115
59,2021-08-05 23:10:37.165670,60,0.001,10.0,10.0,0.001,0.001,1.0,1.0,2,2,2,2,3,1.034e-09,109771.03469,[[110848.90458058]],0.6387794940558952,1.0,1.0,NA,NA,0.5820384290907118,0.8405010319839487,0.7382799421208812,0.6180425425424309,0.6947154864344932,1,1,1,3,38,53,10,41,16.28813559322034,7.862068965517241,4.3559322033898304,18.266666666666666,0.9833333333333333,0.48333333333333334,0.9833333333333333,1.0,0.75078125,0.8702290076335878,0.7648809523809523,0.5177137458667926,0.4022332487052447,0.6333333333333333,[0],0.679,0.22314464313348917,0.10009662273331209
60,2021-08-05 23:12:41.591601,60,0.001,10.0,10.0,0.001,1.0,0.001,0.001,2,2,2,2,3,3.069e-09,6836.91264,[[6855.37286624]],0.6355854207624847,1.0,1.0,NA,NA,0.5704892044632524,0.7216572029170362,0.7081064797318103,0.6364694301524753,0.6591805793161435,1,1,1,2,42,55,11,42,16.116666666666667,7.571428571428571,4.482758620689655,18.25,1.0,0.4666666666666667,0.9666666666666667,1.0,0.75546875,0.8091603053435115,0.7738095238095238,0.5172413793103449,0.42978297259006815,0.7,[0],0.682,0.23865093333157247,0.16601331960910126
61,2021-08-05 23:14:44.476927,60,0.001,10.0,10.0,0.001,1.0,0.001,1.0,2,2,2,2,3,1.132e-09,145539.25414,[[148251.1844632]],0.6006437570487485,1.0,1.0,NA,NA,0.5759025752314815,0.7097789525632697,0.7476650486583521,0.6284338766252556,0.6654451132695898,1,1,1,1,64,31,19,70,21.0,4.704545454545454,5.340425531914893,22.163265306122447,0.7666666666666667,0.7333333333333333,0.7833333333333333,0.8166666666666667,0.7546875,0.7900763358778626,0.7470238095238095,0.5129900803023146,0.33616427935228155,0.5333333333333333,[0],0.748,0.1569354787578427,0.11798566066173807
62,2021-08-05 23:16:49.131031,60,0.001,10.0,10.0,0.001,1.0,1.0,0.001,2,2,2,2,3,1.481e-09,132162.15795,[[126676.57379171]],0.6178085813809344,1.0,1.0,NA,NA,0.5701176932629245,0.8344623899582816,0.6580418446956973,0.625191153393671,0.6719532703276436,3,1,1,6,34,56,11,40,16.116666666666667,8.76923076923077,4.372881355932203,18.383333333333333,1.0,0.43333333333333335,0.9833333333333333,1.0,0.75546875,0.8702290076335878,0.7678571428571429,0.5210203117619272,0.37256818312469253,0.5833333333333334,[0],0.734,0.23568378574153692,0.12181028586270869
63,2021-08-05 23:18:48.517127,60,0.001,10.0,10.0,0.001,1.0,1.0,1.0,2,2,2,2,3,1.036e-09,109268.11059,[[110196.94945391]],0.6390601873582958,1.0,1.0,NA,NA,0.5820365585515527,0.840816648573675,0.7381763375360432,0.6180397287884264,0.6947673183624243,1,1,1,4,39,53,10,40,16.25423728813559,7.633333333333334,4.338983050847458,18.266666666666666,0.9833333333333333,0.5,0.9833333333333333,1.0,0.74921875,0.8740458015267175,0.7619047619047619,0.5177137458667926,0.4028831500333152,0.6166666666666667,[0],0.624,0.21697985273067835,0.09333373525266409
64,2021-08-05 23:21:28.276749,90,0.001,0.001,0.001,0.001,0.001,0.001,0.001,2,2,2,2,3,1.417e-09,6775.67155,[[6775.67155294]],0.6201013788656521,1.0,1.0,NA,NA,0.5712040178380059,0.7272463825807217,0.7073352791619619,0.641356077312342,0.6617854392232578,1,1,1,1,50,33,16,43,11.938271604938272,5.702702702702703,3.4025974025974026,13.142857142857142,0.9,0.4111111111111111,0.8555555555555555,0.9333333333333333,0.75546875,0.8053435114503816,0.7797619047619048,0.5214926783183751,0.38846800794087216,0.5,[0],0.758,0.4594904354827249,0.3736576109650031
65,2021-08-05 23:24:02.534787,90,0.001,0.001,0.001,0.001,0.001,0.001,1.0,2,2,2,2,3,4.97e-10,97152.22062,[[98716.51906487]],0.6054020975269736,1.0,1.0,NA,NA,0.5747477028677984,0.7136320679270133,0.744003879215152,0.6316579589388437,0.6660104022372018,1,1,1,1,56,22,17,64,14.696969696969697,4.622222222222222,3.8656716417910446,16.13235294117647,0.7333333333333333,0.5,0.7444444444444445,0.7555555555555555,0.7578125,0.7938931297709924,0.7708333333333334,0.5181861124232404,0.3474948415802322,0.5,[0],0.7,0.2460456364725895,0.20671080748864662
66,2021-08-05 23:26:32.297555,90,0.001,0.001,0.001,0.001,0.001,1.0,0.001,2,2,2,2,3,6.37e-10,94814.33799,[[91330.83121268]],0.6279207152505958,1.0,1.0,NA,NA,0.5699479009934415,0.8290730001649033,0.65878101486365,0.6276498719802331,0.671362947000557,1,1,1,1,27,47,12,38,10.7,8.92,2.9767441860465116,12.277777777777779,1.0,0.2777777777777778,0.9555555555555556,1.0,0.75234375,0.851145038167939,0.7619047619047619,0.5219650448748229,0.3984388411259324,0.5555555555555556,[0],0.604,0.27181157133974265,0.1925638386543519
67,2021-08-05 23:29:03.045974,90,0.001,0.001,0.001,0.001,0.001,1.0,1.0,2,2,2,2,3,4.59e-10,75043.03395,[[75987.77670063]],0.6436265312251646,1.0,1.0,NA,NA,0.5827492816438401,0.8283256185329146,0.7446035711952819,0.6195474557791484,0.6938064817877962,1,1,1,1,34,46,11,38,11.372093023255815,8.538461538461538,3.045977011494253,12.60919540229885,0.9555555555555556,0.28888888888888886,0.9666666666666667,0.9666666666666667,0.7640625,0.8473282442748091,0.7886904761904762,0.5181861124232404,0.41525984627511486,0.5777777777777777,[0],0.586,0.2859313891305988,0.22286617739311448
68,2021-08-05 23:31:48.266615,90,0.001,0.001,0.001,0.001,1.0,0.001,0.001,2,2,2,2,3,1.418e-09,6775.91141,[[6775.91140851]],0.6214255268539789,1.0,1.0,NA,NA,0.5713237840524262,0.727175513368151,0.7072712169001116,0.6414258249015193,0.661799084805552,1,1,1,1,50,32,16,43,11.792682926829269,5.805555555555555,3.3896103896103895,13.178571428571429,0.9111111111111111,0.4,0.8555555555555555,0.9333333333333333,0.75546875,0.7977099236641222,0.7767857142857143,0.5229097779877184,0.39176473232939524,0.5111111111111111,[0],0.777,0.4526889555122702,0.3692841792589519
69,2021-08-05 23:34:17.232613,90,0.001,0.001,0.001,0.001,1.0,0.001,1.0,2,2,2,2,3,5.12e-10,93264.6386,[[94872.99298581]],0.6036581596964756,1.0,1.0,NA,NA,0.5747754951131687,0.7131963189894718,0.7439417202066011,0.6317511356556448,0.6659161674912216,1,1,1,1,56,22,16,64,14.507462686567164,4.531914893617022,3.984848484848485,16.044117647058822,0.7444444444444445,0.5222222222222223,0.7333333333333333,0.7555555555555555,0.759375,0.8129770992366412,0.7827380952380952,0.5153519130845536,0.3432292317499673,0.4777777777777778,[0],0.634,0.23377672306809785,0.19063801522990678
70,2021-08-05 23:36:45.797969,90,0.001,0.001,0.001,0.001,1.0,1.0,0.001,2,2,2,2,3,6.41e-10,94095.24067,[[90601.25474368]],0.6287087152971049,1.0,1.0,NA,NA,0.5699463358812372,0.8292485921078748,0.6588876738395404,0.627652082600078,0.6714336711071827,1,1,1,1,27,47,12,38,10.71111111111111,8.88,2.9651162790697674,12.277777777777779,1.0,0.2777777777777778,0.9555555555555556,1.0,0.753125,0.8473282442748091,0.7589285714285714,0.5219650448748229,0.40033811713557954,0.5444444444444444,[0],0.56,0.2735159825032945,0.19588727241660098
71,2021-08-05 23:39:16.213597,90,0.001,0.001,0.001,0.001,1.0,1.0,1.0,2,2,2,2,3,4.61e-10,74234.67,[[75016.37928492]],0.6348315037860168,1.0,1.0,NA,NA,0.5828047882373113,0.8291796413039455,0.7446935927434531,0.6195136343557673,0.6940479141601194,1,1,1,1,33,43,11,39,11.068181818181818,8.538461538461538,3.0804597701149423,12.767441860465116,0.9777777777777777,0.28888888888888886,0.9666666666666667,0.9555555555555556,0.7609375,0.8473282442748091,0.7976190476190477,0.5186584789796882,0.39303084530492277,0.5333333333333333,[0],0.564,0.27792018397142215,0.22019455115556613
72,2021-08-05 23:42:01.059462,90,0.001,0.001,10.0,0.001,0.001,0.001,0.001,2,2,2,2,3,1.417e-09,6775.66115,[[6775.66114978]],0.6200615564480321,1.0,1.0,NA,NA,0.5712068164464378,0.7268508674684176,0.7073293983231154,0.6413564504788604,0.6616858831792078,1,1,1,1,50,33,16,43,11.938271604938272,5.702702702702703,3.3896103896103895,13.142857142857142,0.9,0.4111111111111111,0.8555555555555555,0.9333333333333333,0.75546875,0.8053435114503816,0.7767857142857143,0.5214926783183751,0.38846800794087216,0.5,[0],0.758,0.4594904354827249,0.3736576109650031
73,2021-08-05 23:44:33.514069,90,0.001,0.001,10.0,0.001,0.001,0.001,1.0,2,2,2,2,3,4.97e-10,97159.60672,[[98724.03274773]],0.6053584458510992,1.0,1.0,NA,NA,0.5747603571887859,0.7131706298990862,0.7440144666691552,0.6316596384330357,0.6659012730475158,1,1,1,1,56,22,17,64,14.696969696969697,4.622222222222222,3.8656716417910446,16.13235294117647,0.7333333333333333,0.5,0.7444444444444445,0.7555555555555555,0.7578125,0.7938931297709924,0.7708333333333334,0.5181861124232404,0.3474948415802322,0.5,[0],0.7,0.2460456364725895,0.20671080748864662
74,2021-08-05 23:47:06.164459,90,0.001,0.001,10.0,0.001,0.001,1.0,0.001,2,2,2,2,3,6.37e-10,94817.24562,[[91334.16855901]],0.6278808630682166,1.0,1.0,NA,NA,0.5699509873462149,0.8286297086840525,0.6588256936862537,0.6276468764619145,0.6712633165446089,1,1,1,1,27,47,12,38,10.7,8.92,2.9767441860465116,12.277777777777779,1.0,0.2777777777777778,0.9555555555555556,1.0,0.75234375,0.851145038167939,0.7619047619047619,0.5219650448748229,0.3984388411259324,0.5555555555555556,[0],0.604,0.27181157133974265,0.1925638386543519
75,2021-08-05 23:49:34.951861,90,0.001,0.001,10.0,0.001,0.001,1.0,1.0,2,2,2,2,3,4.59e-10,75049.4692,[[75995.33535913]],0.6424810094102711,1.0,1.0,NA,NA,0.5827705423069917,0.8281597593164519,0.7446376693681588,0.6195413082280502,0.6937773198049131,1,1,1,1,34,46,11,38,11.372093023255815,8.538461538461538,3.045977011494253,12.620689655172415,0.9555555555555556,0.28888888888888886,0.9666666666666667,0.9666666666666667,0.7640625,0.8473282442748091,0.7886904761904762,0.5186584789796882,0.4124252037207644,0.5666666666666667,[0],0.575,0.28183616353135804,0.22299349504869045
76,2021-08-05 23:52:20.015885,90,0.001,0.001,10.0,0.001,1.0,0.001,0.001,2,2,2,2,3,1.418e-09,6775.90124,[[6775.90123728]],0.6213925891553217,1.0,1.0,NA,NA,0.5713244013363769,0.7268111723962739,0.7073064863805604,0.6414249021224244,0.661716740558909,1,1,1,1,50,32,16,43,11.792682926829269,5.805555555555555,3.3896103896103895,13.178571428571429,0.9111111111111111,0.4,0.8555555555555555,0.9333333333333333,0.75546875,0.7977099236641222,0.7767857142857143,0.5229097779877184,0.39176473232939524,0.5111111111111111,[0],0.777,0.4526889555122702,0.3692841792589519
77,2021-08-05 23:54:49.101106,90,0.001,0.001,10.0,0.001,1.0,0.001,1.0,2,2,2,2,3,5.12e-10,93271.38102,[[94879.88265108]],0.6033174017832876,1.0,1.0,NA,NA,0.5747730259773661,0.7127852375897147,0.7439252587180277,0.6317565398365116,0.6658100155304051,1,1,1,1,56,22,16,64,14.507462686567164,4.531914893617022,3.984848484848485,16.058823529411764,0.7444444444444445,0.5222222222222223,0.7333333333333333,0.7555555555555555,0.759375,0.8129770992366412,0.7827380952380952,0.5158242796410014,0.3424834889278139,0.4777777777777778,[0],0.635,0.23087763711500972,0.1900855558603368
78,2021-08-05 23:57:18.697666,90,0.001,0.001,10.0,0.001,1.0,1.0,0.001,2,2,2,2,3,6.41e-10,94098.07283,[[90604.4953065]],0.6286859111247044,1.0,1.0,NA,NA,0.5699460272392619,0.8290239288705233,0.6588817959168122,0.6276548906781277,0.6713766606761813,1,1,1,1,27,47,12,38,10.71111111111111,8.88,2.9651162790697674,12.277777777777779,1.0,0.2777777777777778,0.9555555555555556,1.0,0.753125,0.8473282442748091,0.7589285714285714,0.5219650448748229,0.40033811713557954,0.5444444444444444,[0],0.56,0.2735159825032945,0.19588727241660098
79,2021-08-05 23:59:46.885871,90,0.001,0.001,10.0,0.001,1.0,1.0,1.0,2,2,2,2,3,4.61e-10,74240.66572,[[75023.35743292]],0.6347951465860202,1.0,1.0,NA,NA,0.5828050964774091,0.8288125250342336,0.744694771827341,0.6195156913015263,0.6939570211601276,1,1,1,1,33,43,11,39,11.068181818181818,8.538461538461538,3.0804597701149423,12.767441860465116,0.9777777777777777,0.28888888888888886,0.9666666666666667,0.9555555555555556,0.7609375,0.8473282442748091,0.7976190476190477,0.5186584789796882,0.39303084530492277,0.5333333333333333,[0],0.564,0.27792018397142215,0.22019455115556613
80,2021-08-06 00:02:31.197912,90,0.001,10.0,0.001,0.001,0.001,0.001,0.001,2,2,2,2,3,1.413e-09,6768.9308,[[6768.93079556]],0.6062100945410076,1.0,1.0,NA,NA,0.5711836119014703,0.7300976685819579,0.7038067457206933,0.6399958643443531,0.6612709726371186,1,1,1,1,49,33,16,43,11.91358024691358,5.675675675675675,3.460526315789474,13.202380952380953,0.9,0.4111111111111111,0.8444444444444444,0.9333333333333333,0.75390625,0.8015267175572519,0.7827380952380952,0.5238545111006141,0.35425426371540025,0.4888888888888889,[0],0.797,0.33929027856584826,0.3107782603735829
81,2021-08-06 00:05:04.121722,90,0.001,10.0,0.001,0.001,0.001,0.001,1.0,2,2,2,2,3,4.94e-10,97873.96947,[[99362.45047379]],0.6013122609623633,1.0,1.0,NA,NA,0.5747155126082389,0.716330867618693,0.7396353802151863,0.6304530510931291,0.6652837028838118,1,1,1,1,56,20,17,64,14.477611940298507,4.285714285714286,3.9242424242424243,16.073529411764707,0.7444444444444445,0.5444444444444444,0.7333333333333333,0.7555555555555555,0.7578125,0.8015267175572519,0.7708333333333334,0.5162966461974492,0.33799694952209647,0.5,[0],0.726,0.2299296511917496,0.16780086892280124
82,2021-08-06 00:07:36.447309,90,0.001,10.0,0.001,0.001,0.001,1.0,0.001,2,2,2,2,3,6.28e-10,96764.69131,[[93192.57816338]],0.6201344890098365,1.0,1.0,NA,NA,0.5699894588182657,0.8323976007422322,0.6550229683208446,0.6266935236676465,0.6710258878872473,1,1,1,1,26,47,14,39,10.733333333333333,8.92,3.0470588235294116,12.3,1.0,0.2777777777777778,0.9444444444444444,1.0,0.7546875,0.851145038167939,0.7708333333333334,0.5229097779877184,0.37931033463734387,0.5333333333333333,[0],0.617,0.2528995932299393,0.13977383318523623
83,2021-08-06 00:10:08.408948,90,0.001,10.0,0.001,0.001,0.001,1.0,1.0,2,2,2,2,3,4.56e-10,76174.13188,[[77001.52308487]],0.6378474579399649,1.0,1.0,NA,NA,0.5828295329110941,0.8418582473466611,0.7376803415124624,0.6184004197919998,0.6951921353905544,1,1,1,1,32,45,11,38,11.172413793103448,6.277777777777778,3.104651162790698,12.620689655172415,0.9666666666666667,0.4,0.9555555555555556,0.9666666666666667,0.759375,0.8625954198473282,0.7946428571428571,0.5186584789796882,0.3994265094593577,0.5666666666666667,[0],0.614,0.2807373247126406,0.22048695140305022
84,2021-08-06 00:13:05.685419,90,0.001,10.0,0.001,0.001,1.0,0.001,0.001,2,2,2,2,3,1.415e-09,6768.97953,[[6768.97952697]],0.6148431513523356,1.0,1.0,NA,NA,0.5713499312789353,0.7299699025664234,0.7037360074917026,0.6399458002606015,0.6612504103994157,1,1,1,1,49,32,16,43,11.578313253012048,5.833333333333333,3.466666666666667,13.373493975903614,0.9222222222222223,0.4,0.8333333333333334,0.9222222222222223,0.75078125,0.8015267175572519,0.7738095238095238,0.5243268776570619,0.3758574679814231,0.5222222222222223,[0],0.891,0.4173344779542533,0.35993375003447203
85,2021-08-06 00:15:37.699191,90,0.001,10.0,0.001,0.001,1.0,0.001,1.0,2,2,2,2,3,5.09e-10,94016.76876,[[95555.04221829]],0.5941282808464997,1.0,1.0,NA,NA,0.5749052165718235,0.7166749054324457,0.7394959294874784,0.630528752059488,0.6654012008878089,1,1,1,1,56,21,16,63,14.552238805970148,4.3061224489795915,4.03030303030303,16.432835820895523,0.7444444444444445,0.5444444444444444,0.7333333333333333,0.7444444444444445,0.76171875,0.8053435114503816,0.7916666666666666,0.5200755786490316,0.3199195012284404,0.45555555555555555,[0],0.683,0.21703690747618573,0.16260416175675915
86,2021-08-06 00:18:11.007587,90,0.001,10.0,0.001,0.001,1.0,1.0,0.001,2,2,2,2,3,6.32e-10,96030.06757,[[92448.34818235]],0.6219588733007396,1.0,1.0,NA,NA,0.5700039874292696,0.8324262425832525,0.6550263335215201,0.6266978072226029,0.6710385926891613,1,1,1,1,26,47,14,38,10.755555555555556,8.615384615384615,3.023529411764706,12.322222222222223,1.0,0.28888888888888886,0.9444444444444444,1.0,0.75625,0.8549618320610687,0.7648809523809523,0.5238545111006141,0.38385859056268756,0.5555555555555556,[0],0.626,0.2522712985713362,0.13332731983626164
87,2021-08-06 00:20:43.981004,90,0.001,10.0,0.001,0.001,1.0,1.0,1.0,2,2,2,2,3,4.58e-10,75381.19861,[[76056.72551724]],0.6356543989483953,1.0,1.0,NA,NA,0.5827423051161694,0.8425383008286967,0.7376397948296832,0.6184475900232717,0.6953419976994553,1,1,1,1,32,43,11,38,10.943181818181818,6.305555555555555,3.116279069767442,12.779069767441861,0.9777777777777777,0.4,0.9555555555555556,0.9555555555555556,0.75234375,0.8664122137404581,0.7976190476190477,0.5191308455361361,0.3937939996715329,0.5666666666666667,[0],0.625,0.27563666502433115,0.21626353034853854
88,2021-08-06 00:23:31.112844,90,0.001,10.0,10.0,0.001,0.001,0.001,0.001,2,2,2,2,3,1.413e-09,6768.92103,[[6768.92102796]],0.606209729060759,1.0,1.0,NA,NA,0.5711836119014704,0.7300856033902757,0.7038149808391578,0.6399960396150839,0.661270058936497,1,1,1,1,49,33,16,43,11.91358024691358,5.675675675675675,3.460526315789474,13.202380952380953,0.9,0.4111111111111111,0.8444444444444444,0.9333333333333333,0.75390625,0.8015267175572519,0.7827380952380952,0.5238545111006141,0.35425426371540025,0.4888888888888889,[0],0.797,0.33929027856584826,0.3107782603735829
89,2021-08-06 00:26:08.313433,90,0.001,10.0,10.0,0.001,0.001,0.001,1.0,2,2,2,2,3,4.94e-10,97881.38595,[[99369.9911278]],0.6013086728677275,1.0,1.0,NA,NA,0.5747152039662636,0.7162916569447312,0.7396295013204184,0.6304625683574759,0.6652747326472223,1,1,1,1,56,20,17,64,14.477611940298507,4.26530612244898,3.9242424242424243,16.073529411764707,0.7444444444444445,0.5444444444444444,0.7333333333333333,0.7555555555555555,0.7578125,0.7977099236641222,0.7708333333333334,0.5162966461974492,0.33799694952209647,0.5,[0],0.726,0.2299296511917496,0.16780086892280124
90,2021-08-06 00:28:41.645664,90,0.001,10.0,10.0,0.001,0.001,1.0,0.001,2,2,2,2,3,6.28e-10,96767.63111,[[93195.95221459]],0.6201202244639594,1.0,1.0,NA,NA,0.569987915608389,0.832240774033124,0.6550394298094181,0.6266927866392872,0.6709902265225546,1,1,1,1,26,47,14,39,10.733333333333333,8.92,3.0470588235294116,12.3,1.0,0.2777777777777778,0.9444444444444444,1.0,0.7546875,0.851145038167939,0.7708333333333334,0.5229097779877184,0.37931033463734387,0.5333333333333333,[0],0.617,0.2528995932299393,0.13977383318523623
91,2021-08-06 00:31:15.667467,90,0.001,10.0,10.0,0.001,0.001,1.0,1.0,2,2,2,2,3,4.56e-10,76180.61956,[[77009.13586955]],0.637824324559663,1.0,1.0,NA,NA,0.5828172059193887,0.8416215221149752,0.7376956268332665,0.618402852891568,0.6951343019397996,1,1,1,1,32,45,11,38,11.172413793103448,6.305555555555555,3.104651162790698,12.620689655172415,0.9666666666666667,0.4,0.9555555555555556,0.9666666666666667,0.759375,0.8664122137404581,0.7946428571428571,0.5186584789796882,0.3994265094593577,0.5666666666666667,[0],0.614,0.2807373247126406,0.22048695140305022
92,2021-08-06 00:34:08.601311,90,0.001,10.0,10.0,0.001,1.0,0.001,0.001,2,2,2,2,3,1.415e-09,6768.96997,[[6768.96997189]],0.6148418527419572,1.0,1.0,NA,NA,0.5713524004147377,0.729966887467508,0.7037246871199326,0.639944680491701,0.6612471638734698,1,1,1,1,49,32,16,43,11.578313253012048,5.833333333333333,3.466666666666667,13.373493975903614,0.9222222222222223,0.4,0.8333333333333334,0.9222222222222223,0.75078125,0.8015267175572519,0.7738095238095238,0.5243268776570619,0.3758574679814231,0.5222222222222223,[0],0.891,0.4173344779542533,0.35993375003447203
93,2021-08-06 00:36:40.159496,90,0.001,10.0,10.0,0.001,1.0,0.001,1.0,2,2,2,2,3,5.09e-10,94023.54133,[[95561.95914182]],0.5941281922958596,1.0,1.0,NA,NA,0.5749008772987397,0.7166692333375618,0.7394994570187472,0.6305343503897854,0.6654009795112086,1,1,1,1,56,21,16,63,14.567164179104477,4.3061224489795915,4.03030303030303,16.432835820895523,0.7444444444444445,0.5444444444444444,0.7333333333333333,0.7444444444444445,0.7625,0.8053435114503816,0.7916666666666666,0.5200755786490316,0.3199195012284404,0.45555555555555555,[0],0.683,0.21703690747618573,0.16260416175675915
94,2021-08-06 00:39:15.985700,90,0.001,10.0,10.0,0.001,1.0,1.0,0.001,2,2,2,2,3,6.32e-10,96032.93108,[[92451.62442809]],0.6219486164360524,1.0,1.0,NA,NA,0.5700049359273192,0.832279970319021,0.6550746963737484,0.6266921994896847,0.6710129505274433,1,1,1,1,26,47,14,38,10.755555555555556,8.615384615384615,3.023529411764706,12.322222222222223,1.0,0.28888888888888886,0.9444444444444444,1.0,0.75625,0.8549618320610687,0.7648809523809523,0.5238545111006141,0.38385859056268756,0.5555555555555556,[0],0.626,0.2522712985713362,0.13332731983626164
95,2021-08-06 00:41:47.082721,90,0.001,10.0,10.0,0.001,1.0,1.0,1.0,2,2,2,2,3,4.58e-10,75387.24474,[[76063.75611087]],0.6356193188818476,1.0,1.0,NA,NA,0.5827450828939472,0.8422449569632998,0.7376360398411766,0.618452626938744,0.695269676659292,1,1,1,1,32,43,11,38,10.965909090909092,6.305555555555555,3.116279069767442,12.755813953488373,0.9777777777777777,0.4,0.9555555555555556,0.9555555555555556,0.75390625,0.8664122137404581,0.7976190476190477,0.5181861124232404,0.3937786205453271,0.5666666666666667,[0],0.626,0.27645433808339775,0.2163955363972893
0,2021-08-06 07:48:50.040678,30,0.5,0.001,0.001,0.5,0.001,0.001,0.001,2,2,2,2,3,4.895e-09,10968.46998,[[10949.70660705]],0.6330862494729992,1.0,1.0,NA,NA,0.5715713849103009,0.7732378541352377,0.7002342984518911,0.6338620977913002,0.6697264088221825,12,1,2,9,78,13,17,71,32.333333333333336,6.466666666666667,8.366666666666667,35.93333333333333,1.0,1.0,1.0,1.0,0.7578125,0.7404580152671756,0.7470238095238095,0.5092111478507322,0.41298921486031526,0.7,[0],0.523,0.12957322535320162,0.05447766941380159
1,2021-08-06 07:50:23.129529,30,0.5,0.001,0.001,0.5,0.001,0.001,1.0,2,2,2,2,3,2.9379e-08,5573277.12956,[[6111092.04263033]],0.641707594816975,1.0,1.0,NA,NA,0.585690503833912,0.7659708023000761,0.7854880619943451,0.6129007889385514,0.6875125392667212,1,1,1,4,120,14,37,96,32.166666666666664,6.620689655172414,8.333333333333334,36.233333333333334,1.0,0.9666666666666667,1.0,1.0,0.75390625,0.732824427480916,0.7440476190476191,0.5134624468587624,0.4167564477757164,0.6333333333333333,[0],0.488,0.18186967057257114,0.2003776256522479
2,2021-08-06 07:51:51.255908,30,0.5,0.001,0.001,0.5,0.001,1.0,0.001,2,2,2,2,3,4.013e-09,502747.68415,[[504320.58573431]],0.6513276977327569,1.0,1.0,NA,NA,0.5666871756847993,0.8296866783066111,0.6751410234875843,0.638745216427722,0.6775650234766792,16,1,2,18,53,55,19,61,32.43333333333333,10.714285714285714,8.633333333333333,35.96666666666667,1.0,0.7,1.0,1.0,0.76015625,0.8587786259541985,0.7708333333333334,0.50968351440718,0.4507542208552127,0.7666666666666667,[0],0.46,0.13782907529055616,0.04627921450475329
3,2021-08-06 07:53:17.201736,30,0.5,0.001,0.001,0.5,0.001,1.0,1.0,2,2,2,2,3,4.051e-09,225126.58712,[[220094.64266093]],0.6670574282493846,1.0,1.0,NA,NA,0.5769674473138503,0.8305254880971139,0.7318181794322669,0.6173895056886636,0.6891751551329737,7,1,1,14,62,65,16,54,32.4,11.421052631578947,8.4,35.766666666666666,1.0,0.6333333333333333,1.0,1.0,0.759375,0.8282442748091603,0.75,0.5068493150684932,0.4784684154904879,0.8,[0],0.443,0.13319986526282296,0.046035162333820163
4,2021-08-06 07:54:50.792581,30,0.5,0.001,0.001,0.5,1.0,0.001,0.001,2,2,2,2,3,5.19e-09,10823.04697,[[10808.15874793]],0.6345669349566883,1.0,1.0,NA,NA,0.5713712902681327,0.7734097483455523,0.7003471697320904,0.6337775322429341,0.6697264351471773,12,1,1,8,79,13,17,72,32.3,6.533333333333333,8.333333333333334,36.03333333333333,1.0,1.0,1.0,1.0,0.75703125,0.7480916030534351,0.7440476190476191,0.5106282475200756,0.4166909022445433,0.7,[0],0.505,0.12899906567816224,0.05287409075346523
5,2021-08-06 07:56:18.572216,30,0.5,0.001,0.001,0.5,1.0,0.001,1.0,2,2,2,2,3,3.6945e-08,4881218.31016,[[5357061.27676389]],0.632754446879669,1.0,1.0,NA,NA,0.5854380799093364,0.7655632459761978,0.7855309376837155,0.6130021079599515,0.6873835928823003,3,1,1,3,121,15,37,99,33.37931034482759,6.689655172413793,8.3,36.03333333333333,0.9666666666666667,0.9666666666666667,1.0,1.0,0.75625,0.7404580152671756,0.7410714285714286,0.5106282475200756,0.39450252431687205,0.6,[0],0.471,0.14406251542724793,0.09365289941738487
6,2021-08-06 07:57:45.461649,30,0.5,0.001,0.001,0.5,1.0,1.0,0.001,2,2,2,2,3,4.024e-09,501973.83238,[[503491.04714519]],0.6512448204251345,1.0,1.0,NA,NA,0.5666714349440586,0.8296866926946759,0.675222129489656,0.6387468956535521,0.6775817881954856,16,1,2,18,53,55,19,61,32.4,10.714285714285714,8.633333333333333,35.96666666666667,1.0,0.7,1.0,1.0,0.759375,0.8587786259541985,0.7708333333333334,0.50968351440718,0.4505302628673506,0.7666666666666667,[0],0.461,0.13797307861730224,0.04623619995090335
7,2021-08-06 07:59:11.229475,30,0.5,0.001,0.001,0.5,1.0,1.0,1.0,2,2,2,2,3,4.053e-09,224751.58042,[[219650.40731069]],0.6670740326197871,1.0,1.0,NA,NA,0.5769821078076774,0.8305752420252354,0.7319063716021388,0.6174029428008682,0.6892166660589799,7,1,1,14,62,65,16,54,32.4,11.421052631578947,8.4,35.766666666666666,1.0,0.6333333333333333,1.0,1.0,0.759375,0.8282442748091603,0.75,0.5068493150684932,0.4784684154904879,0.8,[0],0.443,0.13319986526282296,0.046035162333820163
8,2021-08-06 08:00:41.926099,30,0.5,0.001,10.0,0.5,0.001,0.001,0.001,2,2,2,2,3,4.893e-09,10969.53076,[[10950.75875173]],0.6330906957665083,1.0,1.0,NA,NA,0.5715732367621528,0.7732431489430889,0.700305203871672,0.6338285086469075,0.6697375245559554,12,1,2,9,79,13,17,71,32.4,6.466666666666667,8.466666666666667,35.93333333333333,1.0,1.0,1.0,1.0,0.759375,0.7404580152671756,0.7559523809523809,0.5092111478507322,0.41298921486031526,0.7,[0],0.523,0.12957322535320162,0.05447766941380159
9,2021-08-06 08:02:09.753124,30,0.5,0.001,10.0,0.5,0.001,0.001,1.0,2,2,2,2,3,2.9376e-08,5573552.86533,[[6111378.0459482]],0.6418974706411603,1.0,1.0,NA,NA,0.5856905038339121,0.7659527308906716,0.7854880532459898,0.6128996696750354,0.6875077394114023,1,1,1,4,120,14,37,96,32.166666666666664,6.620689655172414,8.333333333333334,36.233333333333334,1.0,0.9666666666666667,1.0,1.0,0.75390625,0.732824427480916,0.7440476190476191,0.5134624468587624,0.41723593719149843,0.6333333333333333,[0],0.49,0.17869669276021333,0.1988982653245011
10,2021-08-06 08:03:35.426751,30,0.5,0.001,10.0,0.5,0.001,1.0,0.001,2,2,2,2,3,4.013e-09,502755.84229,[[504330.47159782]],0.651335412011947,1.0,1.0,NA,NA,0.5666871756847993,0.829831393462495,0.6750740110859158,0.6387446564654077,0.6775843091746545,16,1,2,18,53,55,19,61,32.43333333333333,10.761904761904763,8.633333333333333,35.96666666666667,1.0,0.7,1.0,1.0,0.76015625,0.8625954198473282,0.7708333333333334,0.50968351440718,0.4507542208552127,0.7666666666666667,[0],0.46,0.13782907529055616,0.04627921450475329
11,2021-08-06 08:05:03.599002,30,0.5,0.001,10.0,0.5,0.001,1.0,1.0,2,2,2,2,3,4.051e-09,225134.24242,[[220103.49586515]],0.6670638738847203,1.0,1.0,NA,NA,0.5769711974344136,0.8305163228998281,0.7318746150723664,0.6174029414786432,0.6891912692213128,7,1,1,14,62,65,16,54,32.4,11.421052631578947,8.4,35.766666666666666,1.0,0.6333333333333333,1.0,1.0,0.759375,0.8282442748091603,0.75,0.5068493150684932,0.4784684154904879,0.8,[0],0.443,0.13319986526282296,0.046035162333820163
12,2021-08-06 08:06:32.610242,30,0.5,0.001,10.0,0.5,1.0,0.001,0.001,2,2,2,2,3,5.188e-09,10824.06795,[[10809.17218214]],0.6345736979047354,1.0,1.0,NA,NA,0.571386962890625,0.7734060218367659,0.700403972803113,0.6337764125386766,0.6697433425172951,12,1,1,8,78,13,17,72,32.266666666666666,6.533333333333333,8.433333333333334,36.03333333333333,1.0,1.0,1.0,1.0,0.75625,0.7480916030534351,0.7529761904761905,0.5106282475200756,0.4166909022445433,0.7,[0],0.505,0.12899906567816224,0.05287409075346523
13,2021-08-06 08:08:00.140936,30,0.5,0.001,10.0,0.5,1.0,0.001,1.0,2,2,2,2,3,3.6943e-08,4881457.12681,[[5357309.68975135]],0.6327492909351331,1.0,1.0,NA,NA,0.5854390058352624,0.7655541958834308,0.7854886218890847,0.6130009884760647,0.6873707030209606,3,1,1,3,121,15,37,99,33.37931034482759,6.689655172413793,8.3,36.03333333333333,0.9666666666666667,0.9666666666666667,1.0,1.0,0.75625,0.7404580152671756,0.7410714285714286,0.5106282475200756,0.39450252431687205,0.6,[0],0.471,0.14406251542724793,0.09365289941738487
14,2021-08-06 08:09:26.675767,30,0.5,0.001,10.0,0.5,1.0,1.0,0.001,2,2,2,2,3,4.024e-09,501981.96196,[[503500.89353705]],0.6512492865976737,1.0,1.0,NA,NA,0.5666714349440586,0.8297319143823815,0.675222129489656,0.6387463356912378,0.6775929536268335,16,1,2,18,54,55,19,61,32.4,10.761904761904763,8.633333333333333,35.96666666666667,1.0,0.7,1.0,1.0,0.759375,0.8625954198473282,0.7708333333333334,0.50968351440718,0.4505302628673506,0.7666666666666667,[0],0.461,0.13797307861730224,0.04623619995090335
15,2021-08-06 08:10:52.306999,30,0.5,0.001,10.0,0.5,1.0,1.0,1.0,2,2,2,2,3,4.053e-09,224759.16486,[[219659.16312886]],0.6670701802686649,1.0,1.0,NA,NA,0.5769802559558256,0.8305389553257783,0.7319099059376838,0.6173990235054101,0.6892070351811745,7,1,1,14,62,65,16,54,32.4,11.421052631578947,8.4,35.766666666666666,1.0,0.6333333333333333,1.0,1.0,0.759375,0.8282442748091603,0.75,0.5068493150684932,0.4784684154904879,0.8,[0],0.443,0.13319986526282296,0.046035162333820163
16,2021-08-06 08:12:22.162842,30,0.5,10.0,0.001,0.5,0.001,0.001,0.001,2,2,2,2,3,4.997e-09,10917.26502,[[10895.45932253]],0.6409492437561715,1.0,1.0,NA,NA,0.5714983681761189,0.7761876951830917,0.6941009402732287,0.6338099362329285,0.668899234966342,12,1,1,9,82,14,17,73,32.3,6.433333333333334,8.366666666666667,36.2,1.0,1.0,1.0,1.0,0.75703125,0.7366412213740458,0.7470238095238095,0.5129900803023146,0.4334738744240866,0.7333333333333333,[0],0.509,0.12702883511977778,0.052689391311076555
17,2021-08-06 08:13:49.816064,30,0.5,10.0,0.001,0.5,0.001,0.001,1.0,2,2,2,2,3,3.8987e-08,4694332.90585,[[5134863.28043345]],0.6567497620306413,1.0,1.0,NA,NA,0.5846400698061343,0.7777023987062252,0.7855719849668263,0.6129288198895201,0.6902108183421765,1,1,1,4,126,13,38,98,32.233333333333334,6.5,8.724137931034482,36.03333333333333,1.0,1.0,0.9666666666666667,1.0,0.75546875,0.7442748091603053,0.7529761904761905,0.5106282475200756,0.45166358673442675,0.7333333333333333,[0],0.496,0.1827802992635315,0.20187936105988408
18,2021-08-06 08:15:19.329910,30,0.5,10.0,0.001,0.5,0.001,1.0,0.001,2,2,2,2,3,3.875e-09,512532.75051,[[514427.76879159]],0.6523576515554915,1.0,1.0,NA,NA,0.5666677963445216,0.8305190422440778,0.6684672181629855,0.6382683627901806,0.6759806048854414,16,1,2,17,52,54,19,61,32.36666666666667,10.80952380952381,8.633333333333333,35.96666666666667,1.0,0.7,1.0,1.0,0.75859375,0.8664122137404581,0.7708333333333334,0.50968351440718,0.45491352400328733,0.8,[0],0.517,0.13685001846904762,0.045212282902673685
19,2021-08-06 08:16:49.238709,30,0.5,10.0,0.001,0.5,0.001,1.0,1.0,2,2,2,2,3,4.044e-09,226155.48865,[[221034.55906475]],0.6564377556067024,1.0,1.0,NA,NA,0.5769921223958333,0.8349105817742067,0.7296814898799026,0.617162785520046,0.6896867448924971,8,1,1,14,62,65,17,54,32.4,11.421052631578947,8.433333333333334,35.833333333333336,1.0,0.6333333333333333,1.0,1.0,0.759375,0.8282442748091603,0.7529761904761905,0.5077940481813887,0.4514076441242587,0.7666666666666667,[0],0.51,0.13154802454286227,0.04626561693021088
20,2021-08-06 08:18:23.846147,30,0.5,10.0,0.001,0.5,1.0,0.001,0.001,2,2,2,2,3,5.281e-09,10777.32168,[[10759.39522676]],0.6400971075519258,1.0,1.0,NA,NA,0.5713473958333334,0.7761081291846788,0.6938716546289297,0.633833440987135,0.6687901551585193,12,1,1,9,82,14,17,75,32.36666666666667,6.533333333333333,8.333333333333334,36.1,1.0,1.0,1.0,1.0,0.75859375,0.7480916030534351,0.7440476190476191,0.5115729806329712,0.4314526137212952,0.7333333333333333,[0],0.518,0.1268898382332454,0.05272832292363234
21,2021-08-06 08:19:50.036984,30,0.5,10.0,0.001,0.5,1.0,0.001,1.0,2,2,2,2,3,4.5255e-08,4121043.88213,[[4510720.0805453]],0.6397003402649261,1.0,1.0,NA,NA,0.5842228081597223,0.7779013856425818,0.7858114361999945,0.612926008618665,0.6902154096552409,1,1,1,2,125,13,37,99,32.266666666666666,6.433333333333334,8.655172413793103,36.3,1.0,1.0,0.9666666666666667,1.0,0.75625,0.7366412213740458,0.7470238095238095,0.514407179971658,0.4090354410070742,0.6333333333333333,[0],0.464,0.14488984871353175,0.10090419622581938
22,2021-08-06 08:21:21.258427,30,0.5,10.0,0.001,0.5,1.0,1.0,0.001,2,2,2,2,3,3.886e-09,511736.34185,[[513573.09889754]],0.6513233355928518,1.0,1.0,NA,NA,0.5666511296778549,0.8305461781343141,0.6684672269113406,0.6382924352196809,0.6759892424857976,16,1,2,17,52,54,19,61,32.36666666666667,10.80952380952381,8.633333333333333,35.96666666666667,1.0,0.7,1.0,1.0,0.75859375,0.8664122137404581,0.7708333333333334,0.50968351440718,0.4523190964963319,0.8,[0],0.533,0.1362671522752802,0.04496075876159849
23,2021-08-06 08:22:50.868252,30,0.5,10.0,0.001,0.5,1.0,1.0,1.0,2,2,2,2,3,4.047e-09,225783.7726,[[220595.54415492]],0.6567423713207912,1.0,1.0,NA,NA,0.5769375217013889,0.835109597486693,0.7295333627278072,0.6171431958742516,0.6896809194475352,8,1,1,15,62,64,17,54,32.333333333333336,11.368421052631579,8.433333333333334,35.9,1.0,0.6333333333333333,1.0,1.0,0.7578125,0.8244274809160306,0.7529761904761905,0.5087387812942844,0.45217500885444273,0.7666666666666667,[0],0.506,0.13070376627484853,0.04419722027233508
24,2021-08-06 08:24:24.675488,30,0.5,10.0,10.0,0.5,0.001,0.001,0.001,2,2,2,2,3,4.995e-09,10918.31968,[[10896.50497426]],0.6409564658996562,1.0,1.0,NA,NA,0.5714678126205633,0.7761776523138527,0.6942176783264746,0.6338060180393245,0.6689172903250538,12,1,1,9,82,14,17,73,32.3,6.433333333333334,8.366666666666667,36.166666666666664,1.0,1.0,1.0,1.0,0.75703125,0.7366412213740458,0.7470238095238095,0.5125177137458667,0.4334738744240866,0.7333333333333333,[0],0.509,0.12702883511977778,0.052689391311076555
25,2021-08-06 08:25:53.435895,30,0.5,10.0,10.0,0.5,0.001,0.001,1.0,2,2,2,2,3,3.8985e-08,4694585.0435,[[5135124.59554677]],0.6567484416561168,1.0,1.0,NA,NA,0.5846382179542824,0.7776888163730423,0.785571976218471,0.6129310590776645,0.6902075174058651,1,1,1,4,126,13,38,98,32.233333333333334,6.5,8.724137931034482,36.03333333333333,1.0,1.0,0.9666666666666667,1.0,0.75546875,0.7442748091603053,0.7529761904761905,0.5106282475200756,0.45166358673442675,0.7333333333333333,[0],0.496,0.1827802992635315,0.20187936105988408
26,2021-08-06 08:27:22.988518,30,0.5,10.0,10.0,0.5,0.001,1.0,0.001,2,2,2,2,3,3.875e-09,512540.98877,[[514437.75472732]],0.652364389168737,1.0,1.0,NA,NA,0.5666677963445216,0.830577803100772,0.6684601582402508,0.6382840379886755,0.675997448918555,16,1,2,17,52,53,19,61,32.36666666666667,10.761904761904763,8.633333333333333,35.96666666666667,1.0,0.7,1.0,1.0,0.75859375,0.8625954198473282,0.7708333333333334,0.50968351440718,0.45491352400328733,0.8,[0],0.517,0.13685001846904762,0.045212282902673685
27,2021-08-06 08:28:53.274550,30,0.5,10.0,10.0,0.5,0.001,1.0,1.0,2,2,2,2,3,4.044e-09,226163.16153,[[221043.4303431]],0.6564052933940108,1.0,1.0,NA,NA,0.5769949001736111,0.8345809512093528,0.7296814811315473,0.6171650249285614,0.6896055893607682,8,1,1,14,62,65,17,54,32.4,11.421052631578947,8.433333333333334,35.833333333333336,1.0,0.6333333333333333,1.0,1.0,0.759375,0.8282442748091603,0.7529761904761905,0.5077940481813887,0.4514076441242587,0.7666666666666667,[0],0.51,0.13154802454286227,0.04626561693021088
28,2021-08-06 08:30:24.053791,30,0.5,10.0,10.0,0.5,1.0,0.001,0.001,2,2,2,2,3,5.278e-09,10778.33727,[[10760.40288364]],0.6401120758990461,1.0,1.0,NA,NA,0.5713825032552083,0.7761171936655106,0.693963731068559,0.633846876116002,0.66882757602632,12,1,1,9,82,14,17,75,32.36666666666667,6.533333333333333,8.366666666666667,36.1,1.0,1.0,1.0,1.0,0.75859375,0.7480916030534351,0.7470238095238095,0.5115729806329712,0.4314526137212952,0.7333333333333333,[0],0.518,0.1268898382332454,0.05272832292363234
29,2021-08-06 08:31:50.660208,30,0.5,10.0,10.0,0.5,1.0,0.001,1.0,2,2,2,2,3,4.5253e-08,4121262.52576,[[4510947.29402023]],0.639697915324503,1.0,1.0,NA,NA,0.5842246600115741,0.777905903494933,0.7857796971669325,0.6129271285432935,0.6902093473041833,1,1,1,2,125,13,37,99,32.266666666666666,6.433333333333334,8.655172413793103,36.3,1.0,1.0,0.9666666666666667,1.0,0.75625,0.7366412213740458,0.7470238095238095,0.514407179971658,0.4090354410070742,0.6333333333333333,[0],0.464,0.14488984871353175,0.10090419622581938
30,2021-08-06 08:33:20.638028,30,0.5,10.0,10.0,0.5,1.0,1.0,0.001,2,2,2,2,3,3.886e-09,511744.55122,[[513583.04488198]],0.6513278124599211,1.0,1.0,NA,NA,0.5666511296778549,0.8306004211386572,0.6684566326530613,0.6382935551443095,0.6760004346534708,16,1,2,17,52,53,19,61,32.36666666666667,10.761904761904763,8.633333333333333,35.96666666666667,1.0,0.7,1.0,1.0,0.75859375,0.8625954198473282,0.7708333333333334,0.50968351440718,0.4523190964963319,0.8,[0],0.533,0.1362671522752802,0.04496075876159849
31,2021-08-06 08:34:54.021870,30,0.5,10.0,10.0,0.5,1.0,1.0,1.0,2,2,2,2,3,4.047e-09,225791.37455,[[220604.31803464]],0.6567204597873729,1.0,1.0,NA,NA,0.5769393735532408,0.834870424685315,0.7295510081604659,0.6171437560569367,0.6896261406139896,8,1,1,15,62,64,17,54,32.333333333333336,11.368421052631579,8.433333333333334,35.9,1.0,0.6333333333333333,1.0,1.0,0.7578125,0.8244274809160306,0.7529761904761905,0.5087387812942844,0.45217500885444273,0.7666666666666667,[0],0.506,0.13070376627484853,0.04419722027233508
32,2021-08-06 08:36:43.484358,60,0.5,0.001,0.001,0.5,0.001,0.001,0.001,2,2,2,2,3,1.104e-09,8849.99495,[[8867.43146864]],0.6003462185999666,1.0,1.0,NA,NA,0.57405697744864,0.7803745465061822,0.6881926247865401,0.6401820574650029,0.6707015515515913,1,1,1,3,66,10,15,58,16.15,3.6363636363636362,4.5,18.05,1.0,0.9166666666666666,0.9333333333333333,1.0,0.75703125,0.7633587786259542,0.75,0.5115729806329712,0.33016399494832516,0.45,[0],0.511,0.19896087493732034,0.10571232110531739
33,2021-08-06 08:38:31.689252,60,0.5,0.001,0.001,0.5,0.001,0.001,1.0,2,2,2,2,3,9.52e-09,2547066.16508,[[2792678.97561028]],0.6247442508734182,1.0,1.0,NA,NA,0.5897888846691743,0.7695116367071186,0.797282631802721,0.6161899165941928,0.6931932674433017,1,1,1,1,85,13,19,88,16.508474576271187,3.8333333333333335,4.607142857142857,18.54237288135593,0.9833333333333333,0.9,0.9333333333333333,0.9833333333333333,0.7609375,0.7900763358778626,0.7678571428571429,0.516769012753897,0.36866735974024395,0.48333333333333334,[0],0.5,0.19667013203455283,0.23186911638021535
34,2021-08-06 08:40:33.564783,60,0.5,0.001,0.001,0.5,0.001,1.0,0.001,2,2,2,2,3,1.166e-09,222804.88605,[[220864.9416777]],0.6194639804537707,1.0,1.0,NA,NA,0.5708733392409336,0.8295967277224197,0.6787187443135689,0.6359202945337994,0.6787772764526805,3,1,1,5,34,56,21,42,16.033333333333335,7.666666666666667,4.508771929824562,18.283333333333335,1.0,0.5,0.95,1.0,0.7515625,0.8778625954198473,0.7648809523809523,0.5181861124232404,0.3698826746817463,0.5666666666666667,[0],0.635,0.20899342590216988,0.08155256751755403
35,2021-08-06 08:42:28.043862,60,0.5,0.001,0.001,0.5,0.001,1.0,1.0,2,2,2,2,3,1.027e-09,111299.69774,[[112892.21875406]],0.640144395977182,1.0,1.0,NA,NA,0.5820672815393518,0.8288719109724102,0.7440141303434954,0.6186603406565673,0.6934034158779562,1,1,1,3,39,56,10,40,16.35593220338983,7.387096774193548,4.389830508474576,18.283333333333335,0.9833333333333333,0.5166666666666667,0.9833333333333333,1.0,0.75390625,0.8740458015267175,0.7708333333333334,0.5181861124232404,0.4069575740649989,0.5833333333333334,[0],0.546,0.2307585662956899,0.1033118127603357
36,2021-08-06 08:44:19.467547,60,0.5,0.001,0.001,0.5,1.0,0.001,0.001,2,2,2,2,3,1.234e-09,8679.57276,[[8695.71152929]],0.5958380963879991,1.0,1.0,NA,NA,0.5740195113570602,0.7801903756795663,0.6881308810818565,0.6402064723124156,0.6706368101077246,1,1,1,3,67,10,15,60,16.05,3.6545454545454548,4.517857142857143,18.1,1.0,0.9166666666666666,0.9333333333333333,1.0,0.75234375,0.767175572519084,0.7529761904761905,0.5129900803023146,0.318958430862273,0.45,[0],0.571,0.19041387059858006,0.099716416438727
37,2021-08-06 08:46:12.835021,60,0.5,0.001,0.001,0.5,1.0,0.001,1.0,2,2,2,2,3,1.432e-08,1677871.60132,[[1830812.66667572]],0.630527962658103,1.0,1.0,NA,NA,0.5893590845932195,0.7696354424078139,0.7972094518105596,0.616155218200929,0.6930897992531305,1,1,1,1,91,13,21,93,18.73076923076923,3.9615384615384617,4.962264150943396,18.82758620689655,0.8666666666666667,0.8666666666666667,0.8833333333333333,0.9666666666666667,0.7609375,0.7862595419847328,0.7827380952380952,0.5158242796410014,0.3832301073921269,0.5166666666666667,[0],0.539,0.23717712941579802,0.28332895553056686
38,2021-08-06 08:48:07.232117,60,0.5,0.001,0.001,0.5,1.0,1.0,0.001,2,2,2,2,3,1.175e-09,221561.88945,[[219527.55140689]],0.6208437311347769,1.0,1.0,NA,NA,0.5708760966736595,0.8295640020690037,0.6787081566165561,0.6359144002612838,0.6787656639051257,3,1,1,5,34,56,21,42,16.05,7.7,4.491228070175438,18.25,1.0,0.5,0.95,1.0,0.75234375,0.8816793893129771,0.7619047619047619,0.5172413793103449,0.3733436639318162,0.5666666666666667,[0],0.616,0.21065771359847485,0.08201404139253013
39,2021-08-06 08:49:58.738406,60,0.5,0.001,0.001,0.5,1.0,1.0,1.0,2,2,2,2,3,1.029e-09,110675.23648,[[112064.91904668]],0.6437297927327383,1.0,1.0,NA,NA,0.5821712785132137,0.8292573924078498,0.7441278370916266,0.6186740541813313,0.6935576405485053,1,1,1,3,38,55,10,39,16.338983050847457,7.387096774193548,4.406779661016949,18.25,0.9833333333333333,0.5166666666666667,0.9833333333333333,1.0,0.753125,0.8740458015267175,0.7738095238095238,0.5172413793103449,0.41576684128334046,0.6166666666666667,[0],0.557,0.23149728241909567,0.10344813144935211
40,2021-08-06 08:51:47.370290,60,0.5,0.001,10.0,0.5,0.001,0.001,0.001,2,2,2,2,3,1.103e-09,8850.90866,[[8868.36880242]],0.6054205895330014,1.0,1.0,NA,NA,0.5740532737449365,0.7803021709431593,0.6881541342102685,0.6401882320000228,0.6706744527245968,1,1,1,3,66,10,15,58,16.15,3.6363636363636362,4.5,18.1,1.0,0.9166666666666666,0.9333333333333333,1.0,0.75703125,0.7633587786259542,0.75,0.5129900803023146,0.3428770211079065,0.48333333333333334,[0],0.514,0.19908030657714582,0.10474866895645223
41,2021-08-06 08:53:34.877580,60,0.5,0.001,10.0,0.5,0.001,0.001,1.0,2,2,2,2,3,9.519e-09,2547298.72829,[[2792926.49255943]],0.6247523703501815,1.0,1.0,NA,NA,0.5898027936017072,0.7694980723590167,0.7973637618627697,0.6161896367173454,0.6932135661352097,1,1,1,1,85,13,19,88,16.508474576271187,3.8333333333333335,4.607142857142857,18.54237288135593,0.9833333333333333,0.9,0.9333333333333333,0.9833333333333333,0.7609375,0.7900763358778626,0.7678571428571429,0.516769012753897,0.36866735974024395,0.48333333333333334,[0],0.5,0.19667013203455283,0.23186911638021535
42,2021-08-06 08:55:31.904076,60,0.5,0.001,10.0,0.5,0.001,1.0,0.001,2,2,2,2,3,1.166e-09,222812.3639,[[220874.27815385]],0.6194563668523037,1.0,1.0,NA,NA,0.5708728762779708,0.8295333986551475,0.6787064003842277,0.6359202944787055,0.6787582424490128,3,1,1,5,34,56,21,42,16.033333333333335,7.666666666666667,4.508771929824562,18.283333333333335,1.0,0.5,0.95,1.0,0.7515625,0.8778625954198473,0.7648809523809523,0.5181861124232404,0.3698826746817463,0.5666666666666667,[0],0.635,0.20899342590216988,0.08155256751755403
43,2021-08-06 08:57:22.892970,60,0.5,0.001,10.0,0.5,0.001,1.0,1.0,2,2,2,2,3,1.027e-09,111306.83826,[[112901.02938249]],0.6397775317988792,1.0,1.0,NA,NA,0.5820825593171296,0.8287158688125026,0.74403353638266,0.6186667857024769,0.6933746875536922,1,1,1,3,39,56,10,40,16.35593220338983,7.387096774193548,4.389830508474576,18.283333333333335,0.9833333333333333,0.5166666666666667,0.9833333333333333,1.0,0.75390625,0.8740458015267175,0.7708333333333334,0.5181861124232404,0.40606914194350574,0.5833333333333334,[0],0.544,0.23132610187439134,0.10361372925246976
44,2021-08-06 08:59:15.342058,60,0.5,0.001,10.0,0.5,1.0,0.001,0.001,2,2,2,2,3,1.233e-09,8680.40638,[[8696.56520004]],0.5958476575625862,1.0,1.0,NA,NA,0.5740653782974054,0.7801583082801153,0.6882197075074886,0.6401994580917602,0.6706607130441924,1,1,1,3,67,10,15,60,16.05,3.6545454545454548,4.5,18.1,1.0,0.9166666666666666,0.9333333333333333,1.0,0.75234375,0.767175572519084,0.75,0.5129900803023146,0.318958430862273,0.45,[0],0.571,0.19041387059858006,0.099716416438727
45,2021-08-06 09:01:04.108148,60,0.5,0.001,10.0,0.5,1.0,0.001,1.0,2,2,2,2,3,1.4319e-08,1678019.36327,[[1830969.62511182]],0.6321630169892961,1.0,1.0,NA,NA,0.5893502882969233,0.7696286620322711,0.7972363551902243,0.6161568977925757,0.6930930508279985,1,1,1,1,91,13,21,93,18.73076923076923,3.9615384615384617,4.962264150943396,18.82758620689655,0.8666666666666667,0.8666666666666667,0.8833333333333333,0.9666666666666667,0.7609375,0.7862595419847328,0.7827380952380952,0.5158242796410014,0.3873144916452417,0.5166666666666667,[0],0.518,0.24300746466121442,0.2874144382698182
46,2021-08-06 09:03:01.918663,60,0.5,0.001,10.0,0.5,1.0,1.0,0.001,2,2,2,2,3,1.175e-09,221569.2668,[[219536.7442805]],0.6205017893483531,1.0,1.0,NA,NA,0.5708668374144001,0.8296680349716303,0.6786764132093165,0.6359130165787997,0.6787810755435366,3,1,1,5,34,56,21,42,16.05,7.7,4.491228070175438,18.25,1.0,0.5,0.95,1.0,0.75234375,0.8816793893129771,0.7619047619047619,0.5172413793103449,0.372473397827346,0.5666666666666667,[0],0.621,0.21051513728487792,0.08157603944959811
47,2021-08-06 09:04:52.515952,60,0.5,0.001,10.0,0.5,1.0,1.0,1.0,2,2,2,2,3,1.029e-09,110682.13399,[[112073.36917086]],0.6450264912733168,1.0,1.0,NA,NA,0.5821865562909915,0.828981472488941,0.7440947508118473,0.6186709748197913,0.6934834386028929,1,1,1,3,38,56,10,39,16.338983050847457,7.387096774193548,4.406779661016949,18.266666666666666,0.9833333333333333,0.5166666666666667,0.9833333333333333,1.0,0.753125,0.8740458015267175,0.7738095238095238,0.5177137458667926,0.41908278958039913,0.6166666666666667,[0],0.548,0.23069375325479338,0.10406486222210515
48,2021-08-06 09:06:46.283853,60,0.5,10.0,0.001,0.5,0.001,0.001,0.001,2,2,2,2,3,1.101e-09,8850.72479,[[8864.24907737]],0.5970162027822418,1.0,1.0,NA,NA,0.5740766851731288,0.7827811841521221,0.6758372525965118,0.6394079776619931,0.668025774895939,1,1,1,3,67,10,15,62,16.0,3.3728813559322033,4.517857142857143,18.15,1.0,0.9833333333333333,0.9333333333333333,1.0,0.75,0.7595419847328244,0.7529761904761905,0.514407179971658,0.32451473205966536,0.4666666666666667,[0],0.593,0.19345617856701688,0.09217715282188767
49,2021-08-06 09:08:41.635172,60,0.5,10.0,0.001,0.5,0.001,0.001,1.0,2,2,2,2,3,1.3579e-08,1812040.60791,[[1972207.9935016]],0.6398148002356132,1.0,1.0,NA,NA,0.5890041307990934,0.8058972613038032,0.7965521616311134,0.6158525846113093,0.7018265345863299,1,1,1,1,102,17,22,124,18.615384615384617,3.811320754716981,5.326530612244898,19.12280701754386,0.8666666666666667,0.8833333333333333,0.8166666666666667,0.95,0.75625,0.7709923664122137,0.7767857142857143,0.5148795465281059,0.39771046600270293,0.5833333333333334,[0],0.648,0.2601572682851194,0.291361288236275
50,2021-08-06 09:10:38.603281,60,0.5,10.0,0.001,0.5,0.001,1.0,0.001,2,2,2,2,3,1.11e-09,230917.83744,[[229293.47684036]],0.6176893655904274,1.0,1.0,NA,NA,0.5709551362967787,0.8310983920618168,0.667435703962655,0.6348956693076987,0.6760962254072374,3,1,1,5,35,55,21,42,16.05,7.633333333333334,4.625,18.333333333333332,1.0,0.5,0.9333333333333333,1.0,0.75234375,0.8740458015267175,0.7708333333333334,0.5196032120925839,0.36812718856883114,0.5666666666666667,[0],0.631,0.2160189328071774,0.0847570699982276
51,2021-08-06 09:12:37.180017,60,0.5,10.0,0.001,0.5,0.001,1.0,1.0,2,2,2,2,3,1.024e-09,112414.79499,[[113812.79433169]],0.6374316423911903,1.0,1.0,NA,NA,0.582133368145978,0.8395935443630799,0.7387945028834578,0.6179535347631795,0.6946187375389238,1,1,1,3,38,52,10,40,16.28813559322034,6.794117647058823,4.322033898305085,18.3,0.9833333333333333,0.5666666666666667,0.9833333333333333,1.0,0.75078125,0.8816793893129771,0.7589285714285714,0.5186584789796882,0.3989603684390518,0.6166666666666667,[0],0.662,0.22672530644500724,0.09786912274314556
52,2021-08-06 09:14:32.522124,60,0.5,10.0,0.001,0.5,1.0,0.001,0.001,2,2,2,2,3,1.228e-09,8684.37018,[[8697.03980073]],0.5953983863863783,1.0,1.0,NA,NA,0.573941426444348,0.7826288253368067,0.6758343568909044,0.6393530456051141,0.6679394135692933,1,1,1,3,67,10,15,62,15.966666666666667,3.4482758620689653,4.5,18.2,1.0,0.9666666666666667,0.9333333333333333,1.0,0.7484375,0.7633587786259542,0.75,0.5158242796410014,0.3205565523966525,0.45,[0],0.59,0.20108784672902502,0.1103568301597678
53,2021-08-06 09:16:30.319815,60,0.5,10.0,0.001,0.5,1.0,0.001,1.0,2,2,2,2,3,1.6877e-08,1214739.90456,[[1314659.99913465]],0.6429674332776353,1.0,1.0,NA,NA,0.588038476411796,0.7737389364774132,0.7950665334292153,0.615160638195131,0.6930011461283888,1,1,1,1,112,16,24,119,18.576923076923077,3.8823529411764706,5.51063829787234,19.945454545454545,0.8666666666666667,0.85,0.7833333333333333,0.9166666666666666,0.7546875,0.7557251908396947,0.7708333333333334,0.5181861124232404,0.41441743706569933,0.6166666666666667,[0],0.634,0.26146678574910615,0.2866716291494549
54,2021-08-06 09:18:26.008515,60,0.5,10.0,0.001,0.5,1.0,1.0,0.001,2,2,2,2,3,1.119e-09,229599.8355,[[227870.440643]],0.6197372575111885,1.0,1.0,NA,NA,0.5708801362967787,0.8311752854771909,0.6674215884913637,0.6348965088831464,0.67609337978712,3,1,1,5,35,55,22,42,16.083333333333332,7.666666666666667,4.660714285714286,18.333333333333332,1.0,0.5,0.9333333333333333,1.0,0.75390625,0.8778625954198473,0.7767857142857143,0.5196032120925839,0.37324976399085097,0.5833333333333334,[0],0.636,0.21530542372783934,0.0855166521103433
55,2021-08-06 09:20:22.575434,60,0.5,10.0,0.001,0.5,1.0,1.0,1.0,2,2,2,2,3,1.026e-09,111799.81512,[[113004.63584586]],0.6336540548683364,1.0,1.0,NA,NA,0.5821684693889854,0.8398375191810888,0.7386242248957195,0.6180304988576989,0.6946651780808731,1,1,1,3,38,52,10,40,16.28813559322034,6.9393939393939394,4.3559322033898304,18.316666666666666,0.9833333333333333,0.55,0.9833333333333333,1.0,0.75078125,0.8740458015267175,0.7648809523809523,0.5191308455361361,0.3894699590899678,0.6,[0],0.643,0.21857841131298036,0.09141639981863427
56,2021-08-06 09:22:14.802540,60,0.5,10.0,10.0,0.5,0.001,0.001,0.001,2,2,2,2,3,1.101e-09,8851.63686,[[8865.18397181]],0.5946163451974749,1.0,1.0,NA,NA,0.5740414642710746,0.7827223693401849,0.6759451766817838,0.639402924342272,0.6680279836588289,1,1,1,3,67,10,15,62,15.983333333333333,3.389830508474576,4.517857142857143,18.133333333333333,1.0,0.9833333333333333,0.9333333333333333,1.0,0.74921875,0.7633587786259542,0.7529761904761905,0.5139348134152102,0.31851287933485806,0.45,[0],0.589,0.19341329310892494,0.09169756032845099
57,2021-08-06 09:24:09.997246,60,0.5,10.0,10.0,0.5,0.001,0.001,1.0,2,2,2,2,3,1.3578e-08,1812235.62705,[[1972414.97788571]],0.6397889368663223,1.0,1.0,NA,NA,0.5890022789472417,0.805616960219159,0.7965698026895943,0.6158584627964155,0.7017618761631026,1,1,1,1,102,17,22,124,18.615384615384617,3.811320754716981,5.346938775510204,19.12280701754386,0.8666666666666667,0.8833333333333333,0.8166666666666667,0.95,0.75625,0.7709923664122137,0.7797619047619048,0.5148795465281059,0.39771046600270293,0.5833333333333334,[0],0.648,0.2601572682851194,0.291361288236275
58,2021-08-06 09:26:07.815111,60,0.5,10.0,10.0,0.5,0.001,1.0,0.001,2,2,2,2,3,1.11e-09,230925.45502,[[229302.99564601]],0.6200298163713536,1.0,1.0,NA,NA,0.5709546733338157,0.8309581659821544,0.6673775055289606,0.6348970688572164,0.6760468534255368,3,1,1,5,35,55,21,42,16.05,7.633333333333334,4.625,18.333333333333332,1.0,0.5,0.9333333333333333,1.0,0.75234375,0.8740458015267175,0.7708333333333334,0.5196032120925839,0.3740276875028469,0.5833333333333334,[0],0.637,0.21681556990565207,0.08501945937391842
59,2021-08-06 09:28:08.390607,60,0.5,10.0,10.0,0.5,0.001,1.0,1.0,2,2,2,2,3,1.024e-09,112421.9735,[[113821.64204066]],0.6374239439425797,1.0,1.0,NA,NA,0.5821319792570891,0.8395189062768652,0.7387980284706476,0.6179490516649878,0.6945994914173974,1,1,1,3,38,52,10,40,16.28813559322034,6.794117647058823,4.322033898305085,18.316666666666666,0.9833333333333333,0.5666666666666667,0.9833333333333333,1.0,0.75078125,0.8816793893129771,0.7589285714285714,0.5191308455361361,0.3989603684390518,0.6166666666666667,[0],0.662,0.22672530644500724,0.09786912274314556
60,2021-08-06 09:30:01.135699,60,0.5,10.0,10.0,0.5,1.0,0.001,0.001,2,2,2,2,3,1.228e-09,8685.20278,[[8697.89177211]],0.5955665586741338,1.0,1.0,NA,NA,0.5739567042221259,0.7826405012514019,0.6757600177416645,0.6393706933829613,0.6679319791495384,1,1,1,3,67,10,15,62,15.966666666666667,3.4482758620689653,4.5,18.2,1.0,0.9666666666666667,0.9333333333333333,1.0,0.7484375,0.7633587786259542,0.75,0.5158242796410014,0.3209844175357958,0.45,[0],0.587,0.2006631438970369,0.1104283993770337
61,2021-08-06 09:32:00.938648,60,0.5,10.0,10.0,0.5,1.0,0.001,1.0,2,2,2,2,3,1.6877e-08,1214864.91937,[[1314792.35523324]],0.6429708143642419,1.0,1.0,NA,NA,0.5880398093894676,0.773757367588438,0.7950811322471375,0.615160086154578,0.6930095988449053,1,1,1,1,112,16,24,119,18.576923076923077,3.8823529411764706,5.51063829787234,19.945454545454545,0.8666666666666667,0.85,0.7833333333333333,0.9166666666666666,0.7546875,0.7557251908396947,0.7708333333333334,0.5181861124232404,0.41441743706569933,0.6166666666666667,[0],0.634,0.26146678574910615,0.2866716291494549
62,2021-08-06 09:34:06.584775,60,0.5,10.0,10.0,0.5,1.0,1.0,0.001,2,2,2,2,3,1.119e-09,229607.35022,[[227879.81234831]],0.6197119092753129,1.0,1.0,NA,NA,0.570862080741223,0.8309445872459876,0.6674163001105793,0.6348970686919349,0.6760300091974312,3,1,1,5,35,55,22,42,16.083333333333332,7.666666666666667,4.660714285714286,18.333333333333332,1.0,0.5,0.9333333333333333,1.0,0.75390625,0.8778625954198473,0.7767857142857143,0.5196032120925839,0.37324976399085097,0.5833333333333334,[0],0.636,0.21530542372783934,0.0855166521103433
63,2021-08-06 09:36:07.784707,60,0.5,10.0,10.0,0.5,1.0,1.0,1.0,2,2,2,2,3,1.026e-09,111806.74992,[[113013.1227153]],0.6336306884902194,1.0,1.0,NA,NA,0.5821624694070698,0.8396204212681496,0.7386136525083286,0.6180305053587752,0.6946067621355808,1,1,1,3,38,52,10,40,16.28813559322034,6.9393939393939394,4.3559322033898304,18.316666666666666,0.9833333333333333,0.55,0.9833333333333333,1.0,0.75078125,0.8740458015267175,0.7648809523809523,0.5191308455361361,0.3894699590899678,0.6,[0],0.643,0.21857841131298036,0.09141639981863427
64,2021-08-06 09:38:38.750342,90,0.5,0.001,0.001,0.5,0.001,0.001,0.001,2,2,2,2,3,5.35e-10,8084.22724,[[8117.35523388]],0.6395744744004368,1.0,1.0,NA,NA,0.5735963333360125,0.7832437252650181,0.68163489944446,0.644662471866869,0.6707843574780898,1,1,1,1,34,11,12,45,10.865168539325843,2.7012987012987013,3.1204819277108435,12.620689655172415,0.9888888888888889,0.8555555555555555,0.9222222222222223,0.9666666666666667,0.75546875,0.7938931297709924,0.7708333333333334,0.5186584789796882,0.42815182852300193,0.5555555555555556,[0],0.563,0.3333780492658875,0.22290792875122578
65,2021-08-06 09:41:18.545482,90,0.5,0.001,0.001,0.5,0.001,0.001,1.0,2,2,2,2,3,4.466e-09,1646144.65981,[[1819441.24822611]],0.6498608118262839,1.0,1.0,NA,NA,0.5888648910375943,0.7709516897543152,0.7950076655033298,0.6178412911263037,0.6931663843553858,1,1,1,1,78,16,16,80,13.26027397260274,2.904109589041096,3.9696969696969697,14.128205128205128,0.8111111111111111,0.8111111111111111,0.7333333333333333,0.8666666666666667,0.75625,0.8091603053435115,0.7797619047619048,0.5205479452054794,0.43148564521032395,0.5888888888888889,[0],0.674,0.3594724067308151,0.30066808434605424
66,2021-08-06 09:43:43.531775,90,0.5,0.001,0.001,0.5,0.001,1.0,0.001,2,2,2,2,3,5.35e-10,139180.90075,[[136750.01839222]],0.6337007959649791,1.0,1.0,NA,NA,0.5708620667759774,0.8285930974538002,0.6782712695846514,0.6340105180802004,0.6779342379736574,1,1,1,1,28,47,15,36,10.722222222222221,8.576923076923077,3.234567901234568,12.311111111111112,1.0,0.28888888888888886,0.9,1.0,0.75390625,0.851145038167939,0.7797619047619048,0.5233821445441663,0.4063177519387903,0.5666666666666667,[0],0.49,0.26560236513612834,0.14505952824249388
67,2021-08-06 09:46:16.148009,90,0.5,0.001,0.001,0.5,0.001,1.0,1.0,2,2,2,2,3,4.54e-10,76886.04896,[[78052.05227347]],0.6346347944064147,1.0,1.0,NA,NA,0.5828809917266804,0.8274567232988893,0.7452721331445243,0.6195513105598988,0.6937902896824981,1,1,1,1,33,47,11,38,11.267441860465116,7.964285714285714,3.1149425287356323,12.80232558139535,0.9555555555555556,0.3111111111111111,0.9666666666666667,0.9555555555555556,0.75703125,0.851145038167939,0.8065476190476191,0.5200755786490316,0.3927966963335385,0.5333333333333333,[0],0.555,0.24506456274877328,0.15718867404769615
68,2021-08-06 09:48:57.397503,90,0.5,0.001,0.001,0.5,1.0,0.001,0.001,2,2,2,2,3,6.07e-10,7906.99915,[[7936.43582881]],0.6413244752317263,1.0,1.0,NA,NA,0.5736477302624529,0.7834502851194878,0.6815877312287512,0.6445864503054168,0.6708180492290272,1,1,1,1,34,12,13,46,11.0,2.6419753086419755,3.1204819277108435,12.64367816091954,0.9777777777777777,0.9,0.9222222222222223,0.9666666666666667,0.75625,0.816793893129771,0.7708333333333334,0.5196032120925839,0.43249313885028856,0.5444444444444444,[0],0.639,0.4695079477725696,0.32560163142399146
69,2021-08-06 09:51:44.849681,90,0.5,0.001,0.001,0.5,1.0,0.001,1.0,2,2,2,2,3,7.721e-09,756884.6661,[[825861.62122299]],0.6293886261481055,1.0,1.0,NA,NA,0.5868196025162895,0.7701728174444735,0.7941357849724252,0.6159043477372615,0.6917581381676124,1,1,1,1,84,12,18,83,13.597222222222221,2.8472222222222223,3.9402985074626864,15.492957746478874,0.8,0.8,0.7444444444444445,0.7888888888888889,0.76484375,0.7824427480916031,0.7857142857142857,0.5196032120925839,0.38171342720265133,0.5111111111111111,[0],0.765,0.39745602490214593,0.3634890730953145
70,2021-08-06 09:54:22.437244,90,0.5,0.001,0.001,0.5,1.0,1.0,0.001,2,2,2,2,3,5.43e-10,137464.80761,[[134938.68321652]],0.6390916457431578,1.0,1.0,NA,NA,0.5709158159588262,0.8286722014354654,0.6782771173741559,0.6340155186094888,0.6779701633444841,1,1,1,1,28,47,13,36,10.766666666666667,8.653846153846153,3.207317073170732,12.266666666666667,1.0,0.28888888888888886,0.9111111111111111,1.0,0.75703125,0.8587786259541985,0.7827380952380952,0.5214926783183751,0.4197589510134102,0.5777777777777777,[0],0.466,0.27371130251578757,0.13927455389072343
71,2021-08-06 09:57:06.549860,90,0.5,0.001,0.001,0.5,1.0,1.0,1.0,2,2,2,2,3,4.56e-10,75895.37105,[[76847.42601278]],0.6302269454785976,1.0,1.0,NA,NA,0.5828834853100351,0.8280793540142583,0.7451571156011559,0.6195604502502486,0.6939201012939245,1,1,1,1,32,45,11,39,11.045454545454545,8.035714285714286,3.116279069767442,12.779069767441861,0.9777777777777777,0.3111111111111111,0.9555555555555556,0.9555555555555556,0.759375,0.8587786259541985,0.7976190476190477,0.5191308455361361,0.3816472624025695,0.5111111111111111,[0],0.539,0.24408459071826938,0.1558363712420018
0,2021-08-06 10:08:11.150832,90,0.5,0.001,0.001,0.5,0.001,0.001,0.001,2,2,2,2,3,5.35e-10,8084.22724,[[8117.35523388]],0.6209726479522638,1.0,1.0,NA,NA,0.5735963333360125,0.7832437252650181,0.68163489944446,0.644662471866869,0.6707843574780898,1,1,1,1,34,11,12,45,10.865168539325843,2.7012987012987013,3.1204819277108435,12.620689655172415,0.9888888888888889,0.8555555555555555,0.9222222222222223,0.9666666666666667,0.75546875,0.7938931297709924,0.7708333333333334,0.5186584789796882,0.3816472624025695,0.5111111111111111,[0],0.539,0.24408459071826938,0.1558363712420018
0,2021-08-06 10:12:13.935924,90,0.5,0.001,0.001,0.5,0.001,0.001,0.001,2,2,2,2,3,5.35e-10,8084.22724,[[8117.35523388]],0.6395744744004368,1.0,1.0,NA,NA,0.5735963333360125,0.7832437252650181,0.68163489944446,0.644662471866869,0.6707843574780898,1,1,1,1,34,11,12,45,10.865168539325843,2.7012987012987013,3.1204819277108435,12.620689655172415,0.9888888888888889,0.8555555555555555,0.9222222222222223,0.9666666666666667,0.75546875,0.7938931297709924,0.7708333333333334,0.5186584789796882,0.42815182852300193,0.5555555555555556,[0],0.563,0.3333780492658875,0.22290792875122578
1,2021-08-06 10:14:51.655170,90,0.5,0.001,0.001,0.5,0.001,0.001,1.0,2,2,2,2,3,4.466e-09,1646144.65981,[[1819441.24822611]],0.6498608118262839,1.0,1.0,NA,NA,0.5888648910375943,0.7709516897543152,0.7950076655033298,0.6178412911263037,0.6931663843553858,1,1,1,1,78,16,16,80,13.26027397260274,2.904109589041096,3.9696969696969697,14.128205128205128,0.8111111111111111,0.8111111111111111,0.7333333333333333,0.8666666666666667,0.75625,0.8091603053435115,0.7797619047619048,0.5205479452054794,0.43148564521032395,0.5888888888888889,[0],0.674,0.3594724067308151,0.30066808434605424
2,2021-08-06 10:17:19.465899,90,0.5,0.001,0.001,0.5,0.001,1.0,0.001,2,2,2,2,3,5.35e-10,139180.90075,[[136750.01839222]],0.6337007959649791,1.0,1.0,NA,NA,0.5708620667759774,0.8285930974538002,0.6782712695846514,0.6340105180802004,0.6779342379736574,1,1,1,1,28,47,15,36,10.722222222222221,8.576923076923077,3.234567901234568,12.311111111111112,1.0,0.28888888888888886,0.9,1.0,0.75390625,0.851145038167939,0.7797619047619048,0.5233821445441663,0.4063177519387903,0.5666666666666667,[0],0.49,0.26560236513612834,0.14505952824249388
3,2021-08-06 10:20:02.638702,90,0.5,0.001,0.001,0.5,0.001,1.0,1.0,2,2,2,2,3,4.54e-10,76886.04896,[[78052.05227347]],0.6346347944064147,1.0,1.0,NA,NA,0.5828809917266804,0.8274567232988893,0.7452721331445243,0.6195513105598988,0.6937902896824981,1,1,1,1,33,47,11,38,11.267441860465116,7.964285714285714,3.1149425287356323,12.80232558139535,0.9555555555555556,0.3111111111111111,0.9666666666666667,0.9555555555555556,0.75703125,0.851145038167939,0.8065476190476191,0.5200755786490316,0.3927966963335385,0.5333333333333333,[0],0.555,0.24506456274877328,0.15718867404769615
